{"name":"theLevelInfo","class":"LevelInfo","persistentId":"b6dd2c3a-efcf-43e1-a82c-1ecc38b76872","__parent":"Level_objects","Enabled":"1","canvasClearColor":"Black","fogAtmosphereHeight":600,"fogColor":[0.87450999,0.87450999,0.87450999,1],"fogDensity":0.000500000024,"fogDensityOffset":1000,"globalEnviromentMap":"BNG_Sky_02_cubemap","gravity":-9.81000042,"order_simset":49,"soundAmbience":"AudioAmbienceDefault","temperatureCurveC":[0,34,0.100000001,36,0.300000012,31,0.5,26,0.699999988,23,1,34],"visibleDistance":10000}
{"name":"roads","class":"SimGroup","persistentId":"656d0166-6cfb-4d75-9881-174d9ea23db6","__parent":"Level_objects","order_simset":50}
{"name":"Terrain","class":"SimGroup","persistentId":"82781fe2-7c86-446f-bbed-2c69bd80e719","__parent":"Level_objects","order_simset":270}
{"name":"time","class":"SimGroup","persistentId":"af6d7dd4-b8e0-45c7-bac5-3e67f2f94071","__parent":"Level_objects","order_simset":272}
{"name":"vegetation","class":"SimGroup","persistentId":"cbd570d0-8b77-462f-9186-4cc2427c2147","__parent":"Level_objects","order_simset":274}
{"name":"Clouds","class":"SimGroup","persistentId":"d148a85c-14d2-43b2-8f8b-f1c27226dce5","__parent":"Level_objects","order_simset":284}
{"name":"Sky","class":"SimGroup","persistentId":"df204d0d-e2b7-4e95-ad18-24757608cab8","__parent":"Level_objects","order_simset":286}
