{"class":"TSStatic","persistentId":"15d6a121-3687-4d63-a5f4-a2a3694c3c3f","__parent":"pit_closed_doors","position":[154.312317,159.820877,79.0524292],"isRenderEnabled":false,"order_simset":290,"shapeName":"/levels/derby/art/shapes/buildings/ind_pit_building_door_closed.dae","useInstanceRenderData":true}
{"class":"TSStatic","persistentId":"c5db6b8b-23c2-4f61-91c6-6cf1aa4fee54","__parent":"pit_closed_doors","position":[157.312317,164.820877,79.0524292],"isRenderEnabled":false,"order_simset":291,"shapeName":"/levels/derby/art/shapes/buildings/ind_pit_building.dae","useInstanceRenderData":true}
{"class":"TSStatic","persistentId":"fb2be7db-4912-4b50-a5c0-1d7154a27e9e","__parent":"pit_closed_doors","position":[160.312317,159.820877,79.0524292],"isRenderEnabled":false,"order_simset":292,"shapeName":"/levels/derby/art/shapes/buildings/ind_pit_building_door_closed.dae","useInstanceRenderData":true}
