{"class":"TSStatic","persistentId":"1128d5a9-26e3-4c3e-a17d-0433f67d5916","__parent":"pit_open_doors","position":[-119.774452,223.661102,77.1407394],"isRenderEnabled":false,"order_simset":694,"rotationMatrix":[0.928666592,-0.370915145,0,0.370915145,0.928666592,0,0,0,1],"shapeName":"/levels/derby/art/shapes/buildings/ind_pit_building.dae","useInstanceRenderData":true}
{"class":"TSStatic","persistentId":"52617b44-94f8-4567-96b8-dd0df8ecba55","__parent":"pit_open_doors","position":[-118.843033,217.905029,76.4407349],"isRenderEnabled":false,"order_simset":695,"rotationMatrix":[0.928666592,-0.370915145,0,0.370915145,0.928666592,0,0,0,1],"shapeName":"/levels/derby/art/shapes/buildings/ind_pit_building_door_open.dae","useInstanceRenderData":true}
{"class":"TSStatic","persistentId":"5c0cfd60-c595-46a2-8bf0-e1220ae1c2bd","__parent":"pit_open_doors","position":[-124.415024,220.130508,76.4407349],"isRenderEnabled":false,"order_simset":696,"rotationMatrix":[0.928666592,-0.370915145,0,0.370915145,0.928666592,0,0,0,1],"shapeName":"/levels/derby/art/shapes/buildings/ind_pit_building_door_open.dae","useInstanceRenderData":true}
