{"name":"Wind_Plants-03","class":"SFXSpace","persistentId":"225e2a2e-55ce-4a04-999f-5d29b4c72a46","__parent":"Wind","position":[94.7807159,-36.5527191,51.0102158],"cloneOrigin":"Wind_Plants1","order_simset":35,"scale":[47.2737503,112.100746,81.1385727]}
{"name":"Wind_Plants_09","class":"SFXSpace","persistentId":"818bc21a-9eb9-4d1f-99d9-b7ffa8c02ae8","__parent":"Wind","position":[40.3168793,285.817688,60.0609207],"cloneOrigin":"Wind_Plants6","order_simset":43,"rotationMatrix":[-0.00389537308,-0.999992847,0,0.999992847,-0.00389537308,0,0,0,1],"scale":[58.4027977,395.752472,81.1385727]}
{"name":"Wind_Plants_05","class":"SFXSpace","persistentId":"8f255f34-eb33-46a4-9230-f2f6cdbcae87","__parent":"Wind","position":[158.638351,50.6089935,51.0121269],"cloneOrigin":"Wind_Plants3","order_simset":39,"scale":[47.2737503,51.7375946,81.1385727]}
{"name":"Wind_Plants_07","class":"SFXSpace","persistentId":"91dcd3d9-ca36-43de-a1a1-ae434be09992","__parent":"Wind","position":[264.903687,197.398956,59.4303741],"cloneOrigin":"Wind_Plants4","order_simset":41,"scale":[58.4027977,126.103241,81.1385727]}
{"name":"Wind_Plants_02","class":"SFXSpace","persistentId":"ba2f7419-4080-4048-ade7-7a59b4b967b5","__parent":"Wind","position":[155.269485,-104.277893,57.2689514],"cloneOrigin":"Wind_Plants","order_simset":37,"scale":[130.020432,55.9877205,81.1385727]}
{"name":"Wind_Plants_06","class":"SFXSpace","persistentId":"cb0f3e74-efd1-4338-a883-9e719619062e","__parent":"Wind","position":[46.3324699,-73.8018951,50.7324295],"cloneOrigin":"Wind_Plants4","order_simset":40,"rotationMatrix":[0.642253518,-0.766492248,0,0.766492248,0.642253518,0,0,0,1],"scale":[66.7086792,51.7375946,81.1385727]}
{"name":"Wind_Plants_04","class":"SFXSpace","persistentId":"d0433631-f560-4530-b387-5ebb46262d4b","__parent":"Wind","position":[205.070145,-24.6829357,48.7133865],"cloneOrigin":"Wind_Plants2","order_simset":38,"scale":[47.2737503,112.100746,81.1385727]}
{"name":"Wind_Plants_01","class":"SFXSpace","persistentId":"e6c5fbf3-1c6d-49df-b03c-0ed44e9f8c69","__parent":"Wind","position":[107.099426,101.527199,54.9823685],"cloneOrigin":"QP567_or_QP571_or_QP660","order_simset":36,"scale":[76.8780975,186.087173,81.1385727]}
{"name":"Wind_Plants_10","class":"SFXSpace","persistentId":"efd6cffb-fbb7-47ac-a49c-bb8bee74d779","__parent":"Wind","position":[-226.51329,-230.038666,60.6540756],"cloneOrigin":"Wind_Plants5","order_simset":44,"rotationMatrix":[0.801561832,-0.59791255,0,0.59791255,0.801561832,0,0,0,1],"scale":[397.272156,107.137939,81.1385727]}
{"name":"Wind_Plants_08","class":"SFXSpace","persistentId":"f46dbbe8-bac3-472a-a353-720e2e240f29","__parent":"Wind","position":[236.567413,245.620163,56.3300476],"cloneOrigin":"Wind_Plants6","order_simset":42,"scale":[58.4027977,91.2052765,81.1385727]}
