{"name":"Level_Building_Medium_01","class":"SFXSpace","persistentId":"3c3d2cf9-497c-4007-90e3-255de0797340","__parent":"Snapshots","position":[207.350052,108.694267,66.0714798],"order_simset":26,"scale":[15.6991224,49.4409599,33.6214409],"soundAmbience":"Level_Building_Reverb_Medium"}
{"name":"Level_Building_Large_01","class":"SFXSpace","persistentId":"3d1f9e85-4490-43cd-a7fa-0758eebecc6d","__parent":"Snapshots","position":[-102.173065,-96.0091553,69.385376],"order_simset":24,"scale":[88.2479553,36.5119362,32.8846741],"soundAmbience":"Level_Building_Reverb_Large"}
{"name":"Level_Building_Medium_02","class":"SFXSpace","persistentId":"4819e5a5-201c-4956-9de5-fa0b011f253a","__parent":"Snapshots","position":[-24.4292049,141.235794,66.4927521],"order_simset":27,"scale":[15.5830755,43.2532883,32.8846741],"soundAmbience":"Level_Building_Reverb_Medium"}
{"name":"Level_Building_Medium_03","class":"SFXSpace","persistentId":"7af3bac4-1f42-4365-a866-114006ed5fd4","__parent":"Snapshots","position":[166.916656,165.770721,66.3603897],"order_simset":28,"scale":[32.422039,11.690237,33.6214409],"soundAmbience":"Level_Building_Reverb_Medium"}
{"name":"Level_Building_Medium_04","class":"SFXSpace","persistentId":"7d3dc155-a5e4-4ef2-93a6-ac9dc6f72afc","__parent":"Snapshots","position":[-71.8079834,51.2233162,69.6668549],"order_simset":29,"rotationMatrix":[-0.0487484671,-0.998811066,0,0.998811066,-0.0487484671,0,0,0,1],"scale":[11.9529572,41.3248596,32.8846741],"soundAmbience":"Level_Building_Reverb_Medium"}
{"name":"Level_Building_Large_02","class":"SFXSpace","persistentId":"80422678-9094-4170-a732-f8159279699f","__parent":"Snapshots","position":[20.09515,80.4524994,69.5970764],"order_simset":25,"scale":[88.2479553,36.5119362,32.8846741],"soundAmbience":"Level_Building_Reverb_Large"}
{"name":"Level_Building_Medium_05","class":"SFXSpace","persistentId":"ae10ee37-2be5-4557-bcd0-4f2e20128ab3","__parent":"Snapshots","position":[-29.4961033,24.9147968,66.4415359],"order_simset":30,"rotationMatrix":[0.00137021043,-0.999999106,0,0.999999106,0.00137021043,0,0,0,1],"scale":[15.5830755,43.2532883,32.8846741],"soundAmbience":"Level_Building_Reverb_Medium"}
{"name":"Level_Building_Medium_07","class":"SFXSpace","persistentId":"c423205d-b3e9-4eec-a9f2-cc804fda04e9","__parent":"Snapshots","position":[211.395111,144.110977,69.6052246],"order_simset":31,"scale":[11.6151495,20.0958977,33.6214409],"soundAmbience":"Level_Building_Reverb_Medium"}
{"name":"Level_Building_Medium_08","class":"SFXSpace","persistentId":"cab9753b-76a2-40ca-9921-107d1b4ad62a","__parent":"Snapshots","position":[72.169014,124.109779,66.3903427],"order_simset":32,"scale":[15.5830755,43.2532883,32.8846741],"soundAmbience":"Level_Building_Reverb_Medium"}
{"name":"Level_Building_Medium_09","class":"SFXSpace","persistentId":"d7480546-046d-4ef1-b705-0c477abfcbce","__parent":"Snapshots","position":[86.4558105,-167.317612,70.8041916],"order_simset":33,"scale":[15.8813152,49.9163628,32.8846741],"soundAmbience":"Level_Building_Reverb_Medium"}
