{"name":"spawn_default","class":"SpawnSphere","persistentId":"00a70100-372a-49a2-bf8d-1c03750a5bac","__parent":"PlayerDropPoints","position":[-87.233139,21.0899315,79.3126984],"Enabled":"1","autoplaceOnSpawn":"0","dataBlock":"SpawnSphereMarker","homingCount":"0","indoorWeight":"1","isAIControlled":"0","lockCount":"0","order_simset":896,"outdoorWeight":"1","radius":5,"sphereWeight":"1"}
{"name":"spawn_littlepass","class":"SpawnSphere","persistentId":"6e2d60bb-b18c-4e3e-bc93-176cb8aab0fc","__parent":"PlayerDropPoints","position":[-173.511536,107.9645,89.4167328],"Enabled":"1","autoplaceOnSpawn":"0","dataBlock":"SpawnSphereMarker","homingCount":"0","indoorWeight":"1","isAIControlled":"0","lockCount":"0","order_simset":898,"outdoorWeight":"1","radius":5,"rotationMatrix":[0.999705195,0.0242472813,0,-0.0242472813,0.999705195,0,0,0,1],"sphereWeight":"1"}
{"name":"spawn_mudarena","class":"SpawnSphere","persistentId":"96d0376d-a574-4192-a4f7-ec097a02ec1a","__parent":"PlayerDropPoints","position":[-33.5196381,1.49968338,79.4711227],"Enabled":"1","autoplaceOnSpawn":"0","dataBlock":"SpawnSphereMarker","homingCount":"0","indoorWeight":"1","isAIControlled":"0","lockCount":"0","order_simset":897,"outdoorWeight":"1","radius":5,"sphereWeight":"1"}
{"name":"spawn_concretearena","class":"SpawnSphere","persistentId":"9a0f356b-83f7-4274-b3f9-0250c9d85349","__parent":"PlayerDropPoints","position":[50.6579933,145.191666,79.1505966],"Enabled":"1","autoplaceOnSpawn":"0","dataBlock":"SpawnSphereMarker","homingCount":"0","indoorWeight":"1","isAIControlled":"0","lockCount":"0","order_simset":899,"outdoorWeight":"1","radius":5,"rotationMatrix":[0.520396709,-0.853924811,0,0.853924811,0.520396709,0,0,0,1],"sphereWeight":"1"}
