{"class":"TSStatic","persistentId":"18416648-8f09-4f1f-9360-37aac50e21c9","__parent":"bld_big_warehouse_1","position":[-110.373199,-96.5831451,79.1298141],"isRenderEnabled":false,"order_simset":620,"shapeName":"/levels/derby/art/shapes/buildings/ind_bld_warehouse_huge_struts.dae","useInstanceRenderData":true}
{"class":"TSStatic","persistentId":"2317a378-5a99-4cbe-b961-79005f675491","__parent":"bld_big_warehouse_1","position":[-80.3732071,-96.5831451,79.1298141],"isRenderEnabled":false,"order_simset":621,"shapeName":"/levels/derby/art/shapes/buildings/ind_bld_warehouse_huge_struts.dae","useInstanceRenderData":true}
{"class":"TSStatic","persistentId":"235a23ea-20ca-4834-b877-c588dd1b536e","__parent":"bld_big_warehouse_1","position":[-100.373207,-96.5831451,79.1298141],"isRenderEnabled":false,"order_simset":622,"shapeName":"/levels/derby/art/shapes/buildings/ind_bld_warehouse_huge_floor.dae","useInstanceRenderData":true}
{"class":"TSStatic","persistentId":"30db1767-9e35-4f41-ae75-0719d7c6670d","__parent":"bld_big_warehouse_1","position":[-60.3732071,-96.5831451,79.1298141],"isRenderEnabled":false,"order_simset":623,"shapeName":"/levels/derby/art/shapes/buildings/ind_bld_warehouse_huge_struts.dae","useInstanceRenderData":true}
{"class":"TSStatic","persistentId":"584eee1b-d30f-42b6-914e-102b76c20ff6","__parent":"bld_big_warehouse_1","position":[-70.3732071,-96.5831451,79.1298141],"isRenderEnabled":false,"order_simset":624,"shapeName":"/levels/derby/art/shapes/buildings/ind_bld_warehouse_huge_supports.dae","useInstanceRenderData":true}
{"class":"TSStatic","persistentId":"65721f52-f554-4ee4-a801-002290721e27","__parent":"bld_big_warehouse_1","position":[-57.316803,-78.9093933,79.1181335],"isRenderEnabled":false,"order_simset":625,"shapeName":"/levels/derby/art/shapes/buildings/ind_bld_warehouse_huge_door_l.dae","useInstanceRenderData":true}
{"class":"TSStatic","persistentId":"671b96c7-a5b5-4ea2-87c7-9a85086819ab","__parent":"bld_big_warehouse_1","position":[-130.618378,-114.608505,79.1122437],"isRenderEnabled":false,"order_simset":626,"shapeName":"/levels/derby/art/shapes/buildings/ind_bld_warehouse_huge_door_r.dae","useInstanceRenderData":true}
{"class":"TSStatic","persistentId":"6d6b4956-4cf9-4950-b612-eec105486510","__parent":"bld_big_warehouse_1","position":[-110.373199,-96.5831451,79.1298141],"isRenderEnabled":false,"order_simset":627,"shapeName":"/levels/derby/art/shapes/buildings/ind_bld_warehouse_huge_supports.dae","useInstanceRenderData":true}
{"class":"TSStatic","persistentId":"6f20bc57-3805-493c-a6dc-c01226e72f9a","__parent":"bld_big_warehouse_1","position":[-90.3732071,-96.5831451,79.1298141],"isRenderEnabled":false,"order_simset":628,"shapeName":"/levels/derby/art/shapes/buildings/ind_bld_warehouse_huge_supports.dae","useInstanceRenderData":true}
{"class":"TSStatic","persistentId":"85ae024f-6f50-4eba-8f5e-00abe10be402","__parent":"bld_big_warehouse_1","position":[-124.173279,-78.9093933,79.1181335],"isRenderEnabled":false,"order_simset":629,"shapeName":"/levels/derby/art/shapes/buildings/ind_bld_warehouse_huge_door_l.dae","useInstanceRenderData":true}
{"class":"TSStatic","persistentId":"8e8c30ef-15d0-4a2c-9356-be60ffd12586","__parent":"bld_big_warehouse_1","position":[-130.373138,-96.5831451,79.1298141],"isRenderEnabled":false,"order_simset":630,"shapeName":"/levels/derby/art/shapes/buildings/ind_bld_warehouse_huge_struts.dae","useInstanceRenderData":true}
{"class":"TSStatic","persistentId":"958aa87f-7838-4201-9e2e-e1df0cca7a33","__parent":"bld_big_warehouse_1","position":[-100.373207,-96.5831451,79.1298141],"isRenderEnabled":false,"order_simset":631,"shapeName":"/levels/derby/art/shapes/buildings/ind_bld_warehouse_huge_shell.dae","useInstanceRenderData":true}
{"class":"TSStatic","persistentId":"9689bc55-5432-4927-bf13-a792b460b16e","__parent":"bld_big_warehouse_1","position":[-70.3732071,-96.5831451,79.1298141],"isRenderEnabled":false,"order_simset":632,"shapeName":"/levels/derby/art/shapes/buildings/ind_bld_warehouse_huge_struts.dae","useInstanceRenderData":true}
{"class":"TSStatic","persistentId":"cb68fe5f-4563-4b4e-8c8d-6a0f83a997eb","__parent":"bld_big_warehouse_1","position":[-90.3732071,-96.5831451,79.1298141],"isRenderEnabled":false,"order_simset":633,"shapeName":"/levels/derby/art/shapes/buildings/ind_bld_warehouse_huge_struts.dae","useInstanceRenderData":true}
{"class":"TSStatic","persistentId":"e85aeacc-f30a-4eec-871d-bbafcfcddf45","__parent":"bld_big_warehouse_1","position":[-69.576416,-114.608505,79.1122437],"isRenderEnabled":false,"order_simset":634,"shapeName":"/levels/derby/art/shapes/buildings/ind_bld_warehouse_huge_door_r.dae","useInstanceRenderData":true}
{"class":"TSStatic","persistentId":"e9ae43a8-78b4-47a1-9382-3a70a61e7990","__parent":"bld_big_warehouse_1","position":[-140.373138,-96.5831451,79.1298141],"isRenderEnabled":false,"order_simset":635,"shapeName":"/levels/derby/art/shapes/buildings/ind_bld_warehouse_huge_struts.dae","useInstanceRenderData":true}
{"class":"TSStatic","persistentId":"efb272ea-1c94-4918-ac3b-1cc3c43f1a46","__parent":"bld_big_warehouse_1","position":[-130.373138,-96.5831451,79.1298141],"isRenderEnabled":false,"order_simset":636,"shapeName":"/levels/derby/art/shapes/buildings/ind_bld_warehouse_huge_supports.dae","useInstanceRenderData":true}
{"class":"TSStatic","persistentId":"f76799c8-f7c9-43d0-950b-eb33fdd314a8","__parent":"bld_big_warehouse_1","position":[-120.373199,-96.5831451,79.1298141],"isRenderEnabled":false,"order_simset":637,"shapeName":"/levels/derby/art/shapes/buildings/ind_bld_warehouse_huge_struts.dae","useInstanceRenderData":true}
{"class":"TSStatic","persistentId":"faf072db-654b-4898-977c-b353872d2fd0","__parent":"bld_big_warehouse_1","position":[-100.373207,-96.5831451,79.1298141],"isRenderEnabled":false,"order_simset":638,"shapeName":"/levels/derby/art/shapes/buildings/ind_bld_warehouse_huge_struts.dae","useInstanceRenderData":true}
