{"name":"Wind_Generic","class":"SFXEmitter","persistentId":"0c89f045-2dc0-43d0-8dcc-481c37411eae","__parent":"Audio","position":[-81.2223663,385.115509,489.362976],"cloneOrigin":"Animal_QP06_634_1","fadeInTime":0,"fadeOutTime":0,"is3D":false,"isLooping":false,"maxDistance":0.00999999978,"order_simset":47,"referenceDistance":0,"scale":[0.00999999978,0.00999999978,0.00999999978],"track":"event:>Ambient>2D>DA_Field","useTrackDescriptionOnly":true}
{"name":"Generic_Air","class":"SFXEmitter","persistentId":"1a8a6b7a-10f9-48ea-b935-d79ebaf883b1","__parent":"Audio","position":[134.632706,-35.5863037,171.446426],"cloneOrigin":"Animal_QP06_634_1","fadeInTime":0,"fadeOutTime":0,"is3D":false,"isLooping":false,"maxDistance":0.00999999978,"order_simset":45,"referenceDistance":0,"scale":[0.00999999978,0.00999999978,0.00999999978],"track":"event:>Ambient>2D>Generic_Air","useTrackDescriptionOnly":true}
{"name":"Reverb_Generic","class":"SFXEmitter","persistentId":"a4e368b9-80d6-4826-99c1-1da5912b6777","__parent":"Audio","position":[134.632706,-35.5863037,171.446426],"cloneOrigin":"Animal_QP06_634_1","fadeInTime":0,"fadeOutTime":0,"is3D":false,"isLooping":false,"maxDistance":0.00999999978,"order_simset":46,"referenceDistance":0,"scale":[0.00999999978,0.00999999978,0.00999999978],"track":"snapshot:>Reverb_DA","useTrackDescriptionOnly":true}
{"name":"Snapshots","class":"SimGroup","persistentId":"0a51a6f5-1fe5-4c76-9b58-8e7462bf9e4e","__parent":"Audio","order_simset":23}
{"name":"Amb_2D","class":"SimGroup","persistentId":"3dd2fa2a-cc97-4cba-b63b-80cc4a3e6dc0","__parent":"Audio","order_simset":21}
{"name":"Amb_3D","class":"SimGroup","persistentId":"836d887b-61a0-4e79-be94-6c2b0891fa66","__parent":"Audio","order_simset":22}
{"name":"Wind","class":"SimGroup","persistentId":"f957c2b3-93e7-47f2-9009-9c33954a7cbe","__parent":"Audio","order_simset":34}
