{"name":"clouds_1","class":"CloudLayer","persistentId":"e8f67823-4950-4608-84ef-bc0d2b7bfc60","__parent":"Clouds","position":[-563.429016,614.460022,508.054993],"Textures":[{"texScale":0.5},{"texDirection":[0.800000012,0.200000003],"texScale":1.20000005,"texSpeed":0.0549999997},{"texDirection":[0.200000003,0.5],"texScale":2,"texSpeed":0.0549999997}],"baseColor":[0.992156982,0.992156982,0.992156982,0.996078014],"coverage":0.100000001,"exposure":1.10000002,"height":2.03999996,"order_simset":285,"texture":"levels/derby/art/skies/SkyNormals_05.dds","windSpeed":-0.0500000007}
