{
  "header": {
    "name": "DecalData File",
    "comments": "// Instances format: rectIdx, size, renderPriority, position.x, position.y, position.z, normal.x, normal.y, normal.z, tangent.x, tangent.y, tangent.z",
    "version": 1
  },
  "instances": {
    "damage_holes": [
      [
        0,
        3,
        0,
        -132.422577,
        -206.976532,
        79.3125,
        0,
        0,
        1,
        -1,
        0,
        0
      ],
      [
        1,
        3,
        0,
        -145.782532,
        -233.831406,
        79.40625,
        0,
        0,
        1,
        -0.926226616,
        -0.376967162,
        0
      ],
      [
        3,
        4.98913383,
        0,
        -132.357956,
        -189.097549,
        79.3125,
        0,
        0,
        1,
        -0.940605581,
        -0.339501321,
        0
      ],
      [
        2,
        4.47029877,
        0,
        -122.70356,
        206.15918,
        76.2507477,
        0,
        0.103606082,
        0.994618416,
        0,
        0.994618416,
        -0.103606082
      ],
      [
        0,
        3,
        0,
        -122.012756,
        203.867004,
        76.2277451,
        0.103606082,
        0,
        0.994618416,
        -0.994618416,
        0,
        0.103606082
      ],
      [
        2,
        3,
        0,
        -172.378525,
        235.59491,
        78.6973877,
        0,
        -0.103606082,
        0.994618416,
        0,
        0.994618416,
        0.103606082
      ],
      [
        1,
        3,
        0,
        -170.749161,
        236.801697,
        78.8907318,
        -0.103054456,
        -0.103054456,
        0.989322841,
        -0.994618416,
        -9.31322464e-10,
        -0.103606068
      ],
      [
        0,
        3,
        0,
        -177.833038,
        12.4767666,
        79.2187576,
        0,
        0,
        1,
        -1,
        0,
        0
      ],
      [
        2,
        3,
        0,
        -178.907166,
        13.9445667,
        79.21875,
        0,
        0,
        1,
        -1,
        0,
        0
      ],
      [
        1,
        3,
        0,
        -172.933426,
        30.5555687,
        79.4016266,
        0,
        -0.103606082,
        0.994618416,
        0,
        0.994618416,
        0.103606082
      ],
      [
        2,
        3,
        0,
        -174.323746,
        31.9781799,
        79.375,
        0,
        0,
        1,
        -1,
        0,
        0
      ],
      [
        3,
        4.20871162,
        0,
        -136.327621,
        261.923401,
        78.6522827,
        -0.461934447,
        0,
        0.886914134,
        -0.886914134,
        0,
        -0.461934447
      ],
      [
        2,
        4.77747059,
        0,
        -105.408936,
        -49.5590477,
        79.125,
        0,
        0,
        1,
        -1,
        0,
        0
      ],
      [
        2,
        5.29227829,
        0,
        -88.7815704,
        188.047546,
        75.9516068,
        -0.103606082,
        0,
        0.994618416,
        -0.994618416,
        0,
        -0.103606082
      ],
      [
        0,
        3,
        0,
        -178.881668,
        -28.4495678,
        80.2500076,
        0,
        0,
        1,
        -1,
        0,
        0
      ],
      [
        3,
        3,
        0,
        -176.633835,
        -19.1822739,
        79.8125,
        0,
        0,
        1,
        -1,
        0,
        0
      ],
      [
        1,
        3,
        0,
        -178.104401,
        -20.3891258,
        79.9375,
        0,
        0,
        1,
        -1,
        0,
        0
      ],
      [
        2,
        3,
        0,
        -155.064423,
        196.814667,
        76.9687424,
        0,
        0,
        1,
        -1,
        0,
        0
      ],
      [
        3,
        4.27102852,
        0,
        -153.24501,
        197.371277,
        76.9701385,
        -0.103606082,
        0,
        0.994618416,
        -0.994618416,
        0,
        -0.103606082
      ],
      [
        0,
        4.37010288,
        0,
        -87.5224991,
        2.14708424,
        79.125,
        0,
        0,
        1,
        -1,
        0,
        0
      ],
      [
        3,
        5.3995266,
        0,
        -96.0852737,
        -24.3283901,
        79.125,
        0,
        0,
        1,
        -1,
        0,
        0
      ],
      [
        1,
        4.397223,
        0,
        -98.0706635,
        -26.395771,
        79.1250076,
        0,
        0,
        1,
        -0.114117928,
        -0.993467212,
        0
      ]
    ],
    "decal_damage": [
      [
        11,
        6.64006519,
        0,
        -131.025391,
        223.616501,
        79.1291199,
        -0.956477106,
        0.291807294,
        0,
        0.291806996,
        0.956476986,
        0
      ],
      [
        0,
        3,
        0,
        -127.731079,
        219.130676,
        82.1058044,
        -0.291807324,
        -0.956477165,
        0,
        -0.956477165,
        0.291807324,
        0
      ],
      [
        11,
        5.44508982,
        0,
        -124.318405,
        218.089523,
        81.1531982,
        -0.291807324,
        -0.956477165,
        0,
        -0.956476986,
        0.291806996,
        0
      ],
      [
        1,
        3.99033356,
        0,
        -115.489159,
        219.689392,
        80.0111389,
        0.956477106,
        -0.291807294,
        0,
        -0.291806996,
        -0.956476986,
        0
      ],
      [
        11,
        3,
        0,
        -50.7853966,
        158.711578,
        80.0493622,
        0.893350899,
        -0.449359864,
        0,
        -0.449359864,
        -0.893350899,
        0
      ],
      [
        2,
        2.44284749,
        0,
        -32.592701,
        164.007126,
        81.6921921,
        -0.999999881,
        9.53005838e-07,
        -1.68979011e-06,
        1.05304809e-06,
        0.999999642,
        -0.000747561338
      ],
      [
        6,
        3,
        0,
        -43.0524292,
        176.55159,
        79.8830566,
        0.920784473,
        -0.39007175,
        0,
        -0.39007175,
        -0.920784473,
        0
      ],
      [
        7,
        3,
        0,
        45.0095558,
        98.7348938,
        81.8381805,
        0,
        1,
        0,
        1,
        0,
        0
      ],
      [
        4,
        3,
        0,
        22.5153446,
        98.7348938,
        81.7200089,
        0,
        1,
        0,
        1,
        0,
        0
      ],
      [
        0,
        2.60610104,
        0,
        151.940155,
        159.792999,
        83.9730377,
        0,
        -1,
        0,
        -1,
        0,
        0
      ],
      [
        2,
        3.21919799,
        0,
        181.494507,
        159.793015,
        83.4866104,
        0,
        -1,
        0,
        -1,
        0,
        0
      ],
      [
        11,
        2,
        0,
        48.9163208,
        159.097946,
        79.9032898,
        1,
        1.77307936e-06,
        3.00407351e-06,
        -3.00407351e-06,
        0,
        1
      ],
      [
        10,
        2,
        0,
        47.7209854,
        158.542938,
        81.7425308,
        -0.00946880877,
        -0.999955237,
        -1.37797693e-08,
        -0.999954998,
        0.00946899969,
        0
      ],
      [
        8,
        2,
        0,
        42.73106,
        160.419693,
        79.844841,
        -1,
        -8.03920614e-07,
        -1.43051182e-06,
        -9.99999997e-07,
        0.999918997,
        -0.0127020003
      ],
      [
        1,
        2,
        0,
        44.0234375,
        158.577957,
        79.5376358,
        -0.00946879108,
        -0.999955177,
        0,
        -0.999954998,
        0.00946899969,
        0
      ],
      [
        9,
        4.62824392,
        0,
        46.4456215,
        157.259064,
        79.0625,
        0,
        0,
        1,
        0.994810998,
        -0.101740003,
        0
      ],
      [
        11,
        4.22356081,
        0,
        19.3290863,
        158.222137,
        82.4356689,
        0,
        -0.246018454,
        0.969265163,
        0,
        0.969264984,
        0.246018007
      ],
      [
        8,
        4.25129414,
        0,
        23.8908768,
        158.410461,
        82.4834747,
        0,
        -0.246018484,
        0.969265223,
        0,
        0.969265223,
        0.246018484
      ],
      [
        9,
        2,
        0,
        40.8828049,
        163.720993,
        80.1942444,
        0,
        -1,
        0,
        -1,
        0,
        0
      ],
      [
        10,
        7,
        0,
        39.3941422,
        173.210617,
        85.1884003,
        0,
        0,
        1,
        -1,
        0,
        0
      ],
      [
        1,
        10,
        0,
        33.0240059,
        167.886978,
        85.1884003,
        0,
        0,
        1,
        -1,
        0,
        0
      ],
      [
        11,
        7,
        0,
        51.7694778,
        170.597839,
        85.1926041,
        0,
        0,
        1,
        -1,
        0,
        0
      ],
      [
        1,
        10,
        0,
        54.7121086,
        179.001724,
        85.0291214,
        0.0659326017,
        0,
        0.997824073,
        0.0647680014,
        0.995729029,
        0
      ],
      [
        6,
        6,
        0,
        66.3453293,
        155.559982,
        82.1408539,
        -1,
        0,
        -5.3644186e-07,
        0,
        0.999701023,
        -0.0244369991
      ],
      [
        11,
        5.07444382,
        0,
        66.3453217,
        150.598373,
        80.4439926,
        -1,
        0,
        -5.3644186e-07,
        9.99999997e-07,
        0,
        -1
      ],
      [
        11,
        2,
        0,
        62.3453255,
        162.427017,
        86.2103271,
        -1,
        -1.19137837e-06,
        1.35740697e-06,
        -9.99999997e-07,
        0.999287009,
        -0.0377550013
      ],
      [
        7,
        2.91883302,
        0,
        57.3453293,
        162.97995,
        80.0861359,
        -1,
        -1.81789872e-14,
        -1.90734866e-07,
        0,
        0.999774992,
        0.0212089997
      ],
      [
        5,
        5.85391617,
        0,
        59.6891289,
        162.335754,
        83.5322495,
        -0.666912556,
        0,
        0.745136023,
        0.00525575364,
        -0.999975979,
        0.00470323069
      ],
      [
        13,
        2,
        0,
        12.4105406,
        156.495132,
        79.0625,
        0,
        0,
        1,
        0.818086982,
        0.575093985,
        0
      ],
      [
        7,
        2,
        0,
        25.5845547,
        156.731888,
        80.9420624,
        0,
        -1,
        0,
        -1,
        0,
        0
      ],
      [
        5,
        1.88108099,
        0,
        13.625391,
        156.598694,
        79.3127289,
        0,
        -1,
        0,
        0.999809027,
        0,
        -0.0195560008
      ],
      [
        2,
        4,
        0,
        4.17717791,
        167.587997,
        86.1958618,
        -1.01185083e-06,
        -1,
        0,
        -1,
        9.99999997e-07,
        0
      ],
      [
        2,
        2.01911402,
        0,
        9.24489498,
        165.587997,
        81.8506622,
        -5.96046448e-08,
        -1,
        0,
        -1,
        0,
        0
      ],
      [
        13,
        4,
        0,
        9.36542225,
        165.587997,
        79.1982346,
        -5.96046448e-08,
        -1,
        0,
        0.654955029,
        0,
        -0.755667984
      ],
      [
        11,
        7.56542015,
        0,
        -1.41441703,
        171.974945,
        85.2161942,
        0,
        0,
        1,
        -0.0379210003,
        0.999280989,
        0
      ],
      [
        1,
        4.30443001,
        0,
        3.06170797,
        169.978607,
        88.2161942,
        0,
        0,
        1,
        0.0891899988,
        0.996015012,
        0
      ],
      [
        11,
        4,
        0,
        -0.31110999,
        165.733566,
        79.0625,
        0,
        0,
        1,
        -1,
        0,
        0
      ],
      [
        4,
        5.8163352,
        0,
        -61.8592873,
        44.6703339,
        85.6255035,
        -0.0455604531,
        -0.998961568,
        0,
        -0.998961985,
        0.0455599986,
        0
      ],
      [
        7,
        8.24201393,
        0,
        -82.8371735,
        45.6067085,
        84.5425568,
        -0.0455604531,
        -0.998961568,
        0,
        -0.998961985,
        0.0455599986,
        0
      ],
      [
        2,
        3,
        0,
        -91.4141617,
        46.0046616,
        80.8991776,
        -0.0455604531,
        -0.998961568,
        0,
        -0.998961985,
        0.0455599986,
        0
      ],
      [
        12,
        3,
        0,
        -73.772995,
        45.2000885,
        80.4865112,
        -0.0455604531,
        -0.998961627,
        0,
        -0.998961985,
        0.0455599986,
        0
      ],
      [
        10,
        3,
        0,
        -70.1928406,
        45.0571861,
        81.0599899,
        -0.0455604531,
        -0.998961568,
        0,
        -0.998961687,
        0.0455604568,
        0
      ],
      [
        11,
        3,
        0,
        -51.9115601,
        44.2234192,
        80.3946533,
        -0.0455604531,
        -0.998961627,
        0,
        -0.998961627,
        0.0455604531,
        0
      ],
      [
        9,
        3,
        0,
        -46.8665504,
        32.9057121,
        79.7169647,
        1.17831826e-06,
        1,
        -1.36271944e-06,
        0,
        -9.99999997e-07,
        -1
      ],
      [
        4,
        3.96851397,
        0,
        -54.1921158,
        32.9057198,
        81.0869064,
        8.1514321e-07,
        1,
        1.19208983e-06,
        0.999816,
        -9.99999997e-07,
        0.0191949997
      ],
      [
        7,
        6.03215218,
        0,
        -51.1517067,
        53.3119545,
        83.7590561,
        0.998961568,
        -0.0455604531,
        0,
        -0.0455599986,
        -0.998961985,
        0
      ],
      [
        8,
        3,
        0,
        -16.7716408,
        45.3385086,
        79.4825668,
        5.96046448e-08,
        -1,
        0,
        -1,
        0,
        0
      ],
      [
        11,
        8.95347977,
        0,
        -9.58787823,
        54.2473412,
        82.7957687,
        1.46638488e-08,
        -0.246018559,
        0.969265163,
        0.999997973,
        -0.00205600006,
        -0.000522000017
      ],
      [
        10,
        12.2478323,
        0,
        45.2518234,
        43.6041908,
        88.0848999,
        0,
        0,
        1,
        -1,
        0,
        0
      ],
      [
        11,
        4,
        0,
        -144.276001,
        -4.94587898,
        86.4238281,
        1,
        -1.03966886e-06,
        0,
        -9.99999997e-07,
        -1,
        0
      ],
      [
        2,
        2.01512003,
        0,
        -142.276016,
        -0.0258770008,
        81.8931656,
        1,
        -8.74227766e-08,
        0,
        0,
        -1,
        0
      ],
      [
        5,
        5.36545515,
        0,
        -142.223053,
        0.0336939991,
        81.4243851,
        0.998961508,
        0.0455624945,
        0,
        0,
        0.998937011,
        -0.0460380018
      ],
      [
        13,
        4,
        0,
        -146.90564,
        -13.0104094,
        78.8766861,
        -4.68740552e-07,
        -1,
        0,
        0.677151978,
        0,
        -0.735843003
      ],
      [
        11,
        4,
        0,
        -153.69223,
        -13.0104094,
        82.9888077,
        -7.98960542e-09,
        -1,
        -9.60281113e-07,
        0,
        -9.60281113e-07,
        1
      ],
      [
        6,
        3,
        0,
        -151.693039,
        2.99558997,
        81.4206696,
        8.74227766e-08,
        1,
        0,
        1,
        0,
        0
      ],
      [
        14,
        2,
        0,
        137.452713,
        122.475006,
        80.3472137,
        -5.96046448e-08,
        -1,
        0,
        -1,
        0,
        0
      ],
      [
        11,
        5.13807487,
        0,
        138.410019,
        113.366608,
        80.6421432,
        5.96046448e-08,
        1,
        0,
        1,
        0,
        0
      ],
      [
        5,
        9.02689648,
        0,
        158.537949,
        -139.12149,
        69.7091293,
        -4.20467838e-09,
        -0.661621511,
        0.749837935,
        -0.999919534,
        -0.00949971378,
        -0.00838210434
      ],
      [
        8,
        10.8667889,
        0,
        168.48735,
        -139.56955,
        69.9513092,
        9.39137546e-10,
        -0.661621511,
        0.749837935,
        0.999825776,
        -0.0139966048,
        -0.0123499446
      ],
      [
        7,
        8.49340153,
        0,
        158.508301,
        -153.248993,
        53.8057747,
        0,
        -1,
        0,
        -1,
        0,
        0
      ],
      [
        6,
        20,
        0,
        144.165939,
        -148.68924,
        48.6278305,
        0.0102344705,
        -0.996989489,
        -0.0768578127,
        -0.999917746,
        -0.00961080659,
        -0.008480018
      ],
      [
        8,
        14.6096249,
        0,
        184.969971,
        -153.248993,
        51.7445564,
        0,
        -0.999999762,
        2.27872619e-07,
        0.999985218,
        0,
        -0.00543791056
      ],
      [
        0,
        9.26970863,
        0,
        94.8683014,
        -198.366638,
        74.3756332,
        0.661621749,
        -1.89407672e-08,
        0.749837816,
        -0.001636,
        -0.999997973,
        0.00144400005
      ],
      [
        6,
        11.3457155,
        0,
        96.2207413,
        -209.264267,
        77.3467178,
        0.999271572,
        -0.00285824412,
        0.0380577035,
        -0.00295988773,
        -0.999992311,
        0.00261168834
      ],
      [
        0,
        14.339901,
        0,
        108.187401,
        -185.999603,
        50.9791031,
        0.999722362,
        0.023549946,
        2.63630227e-07,
        0.0235502701,
        -0.999722362,
        5.88986104e-08
      ],
      [
        1,
        13.3090343,
        0,
        94.0928116,
        -222.264465,
        75.6862106,
        0.999973595,
        -0.00726588443,
        -0.000306753675,
        -0.00726383366,
        -0.999953151,
        0.00640933821
      ],
      [
        0,
        14.339901,
        0,
        107.854439,
        -171.865173,
        50.9791031,
        0.999722362,
        0.023549946,
        2.63630227e-07,
        0.0235502701,
        -0.999722362,
        5.88986104e-08
      ],
      [
        11,
        19.1013737,
        0,
        103.304169,
        -185.936096,
        66.9322052,
        0.661621749,
        -4.2387434e-08,
        0.749837756,
        -0.749837756,
        0,
        0.661621749
      ],
      [
        11,
        19.1013737,
        0,
        109.243355,
        -167.442505,
        61.6917572,
        0.66162163,
        -1.26883393e-07,
        0.749837816,
        -0.00476083346,
        -0.999979734,
        0.00420065923
      ],
      [
        9,
        20,
        0,
        114.779762,
        -147.364365,
        72.8666916,
        0.00925422739,
        -0.733286023,
        0.679857314,
        0.999350488,
        -0.016897874,
        -0.0318290181
      ],
      [
        6,
        20,
        0,
        131.405655,
        -145.271179,
        68.2957077,
        -2.89941563e-05,
        -0.659919143,
        0.751336575,
        -0.999917686,
        -0.00961080659,
        -0.008480018
      ],
      [
        8,
        10.395319,
        0,
        89.7889481,
        -137.100342,
        82.8812027,
        0,
        0,
        1,
        0.0517998524,
        0.998657286,
        0
      ],
      [
        8,
        12.6482697,
        0,
        187.020325,
        -256.540466,
        69.6089783,
        1.95891889e-08,
        0.661621749,
        0.749837697,
        -0.999682248,
        0.0188958608,
        -0.0166728012
      ],
      [
        3,
        14.5976181,
        0,
        215.372162,
        -244.919266,
        68.3019714,
        -0.661621392,
        1.62390677e-07,
        0.749838054,
        0.000932011288,
        0.999999106,
        0.000822051661
      ],
      [
        6,
        11.3245335,
        0,
        159.244873,
        -256.121277,
        69.2390823,
        6.93441582e-10,
        0.661621511,
        0.749837935,
        0.999889851,
        0.0111299269,
        -0.00982052274
      ],
      [
        2,
        10.9557199,
        0,
        161.075333,
        -243.248993,
        52.4036102,
        0,
        1,
        0,
        1,
        0,
        0
      ],
      [
        2,
        10.9557199,
        0,
        171.951004,
        -243.248993,
        52.4036102,
        0,
        1,
        0,
        1,
        0,
        0
      ],
      [
        7,
        10.8250275,
        0,
        203.561996,
        -219.50238,
        52.5285721,
        -1,
        0,
        0,
        0,
        1,
        0
      ],
      [
        0,
        12.6937208,
        0,
        203.561981,
        -231.107773,
        51.6416855,
        -1,
        0,
        0,
        0,
        1,
        0
      ],
      [
        10,
        14.5908756,
        0,
        193.127731,
        -243.248993,
        46.9083405,
        0,
        0.999999881,
        1.25429523e-07,
        -0.999482393,
        0,
        -0.0321625099
      ],
      [
        3,
        14.5976191,
        0,
        215.404144,
        -210.622101,
        68.330162,
        -0.661621392,
        1.62390677e-07,
        0.749838054,
        0.000932011288,
        0.999999106,
        0.000822051661
      ],
      [
        3,
        14.5976181,
        0,
        215.391129,
        -224.572693,
        68.3186951,
        -0.661621392,
        1.62390677e-07,
        0.749838054,
        0.000932011288,
        0.999999106,
        0.000822051661
      ],
      [
        9,
        4.51669216,
        0,
        -19.5586281,
        -88.0731964,
        85.1279907,
        0,
        0,
        1,
        -1,
        0,
        0
      ],
      [
        2,
        13.5268641,
        0,
        215.690338,
        -159.422516,
        68.5826874,
        -0.661621749,
        1.89407672e-08,
        0.749837816,
        0.00644699996,
        0.999962986,
        0.005688
      ],
      [
        2,
        13.5268631,
        0,
        215.517487,
        -186.234879,
        68.4301758,
        -0.661621749,
        1.89407672e-08,
        0.749837816,
        0.00644699996,
        0.999962986,
        0.005688
      ],
      [
        2,
        13.5268631,
        0,
        215.603928,
        -172.825516,
        68.5064468,
        -0.661621749,
        1.89407672e-08,
        0.749837816,
        0.00644699996,
        0.999962986,
        0.005688
      ],
      [
        7,
        9.21094799,
        0,
        217.204422,
        -148.194977,
        69.9186249,
        -0.661621451,
        1.48293005e-08,
        0.749837935,
        0.000183887081,
        0.999999762,
        0.000162043099
      ],
      [
        7,
        10.8250275,
        0,
        203.561996,
        -162.697311,
        52.5285721,
        -1,
        0,
        0,
        0,
        1,
        0
      ],
      [
        11,
        14.3732214,
        0,
        195.391937,
        -153.248993,
        45.7132492,
        6.16585538e-08,
        -0.999999881,
        2.91062577e-07,
        -0.0230151713,
        -1.7948804e-07,
        -0.999734998
      ],
      [
        11,
        9.47229004,
        0,
        223.796005,
        -142.618774,
        82.8811951,
        0,
        0,
        1,
        0.0283521786,
        -0.999597847,
        0
      ],
      [
        0,
        14.3399,
        0,
        115.282089,
        -240.969055,
        50.9137154,
        0.707106829,
        0.707106829,
        0,
        0.707107008,
        -0.707107008,
        0
      ],
      [
        0,
        14.339901,
        0,
        109.123276,
        -225.727829,
        50.9791031,
        0.999722362,
        0.023549946,
        2.63630227e-07,
        0.0235502701,
        -0.999722362,
        5.88986104e-08
      ],
      [
        0,
        14.339901,
        0,
        108.791496,
        -211.643799,
        50.9791031,
        0.999722362,
        0.023549946,
        2.63630227e-07,
        0.0235502701,
        -0.999722362,
        5.88986104e-08
      ],
      [
        5,
        10.874898,
        0,
        128.473465,
        -243.248993,
        52.3993378,
        0,
        1,
        0,
        1,
        0,
        0
      ],
      [
        12,
        15.561491,
        0,
        199.958496,
        -185.716034,
        51.083828,
        -0.999717176,
        -0.00253738207,
        -0.0236356463,
        0.00248643989,
        -0.999994278,
        0.00219390146
      ],
      [
        7,
        10.8250275,
        0,
        203.561996,
        -208.70256,
        52.5285721,
        -1,
        0,
        0,
        0,
        1,
        0
      ],
      [
        8,
        8.08806515,
        0,
        226.07988,
        -198.695984,
        82.8811951,
        0,
        0,
        1,
        0.000195248896,
        -0.99999994,
        0
      ],
      [
        12,
        8.08491039,
        0,
        224.434616,
        -207.341354,
        82.8811951,
        0,
        0,
        1,
        0.0317110978,
        -0.999496877,
        0
      ],
      [
        9,
        11.2672281,
        0,
        126.268326,
        -260.248993,
        78.0835648,
        0.0309833623,
        0.999519289,
        0.00112278189,
        -0.998863637,
        0.0310036987,
        -0.0361970402
      ],
      [
        11,
        13.0860271,
        0,
        135.887802,
        -246.864731,
        61.0715485,
        4.43283632e-10,
        0.661621571,
        0.749837875,
        -0.999477386,
        -0.0242332686,
        0.0213822946
      ],
      [
        2,
        12.7659903,
        0,
        134.437744,
        -255.755981,
        68.9167786,
        -9.65058589e-12,
        0.661621571,
        0.749837875,
        0.999944329,
        0.00791411195,
        -0.0069830399
      ],
      [
        2,
        12.7659903,
        0,
        121.677925,
        -255.856964,
        69.0058823,
        -9.65058589e-12,
        0.661621571,
        0.749837875,
        0.999944329,
        0.00791411195,
        -0.0069830399
      ],
      [
        2,
        12.7659903,
        0,
        147.079559,
        -255.655914,
        68.8284912,
        -9.65058589e-12,
        0.661621571,
        0.749837875,
        0.999944329,
        0.00791411195,
        -0.0069830399
      ]
    ],
    "decal_graffiti": [
      [
        3,
        3,
        0,
        17.7891445,
        98.7349014,
        80.3546219,
        0,
        1,
        0,
        1,
        0,
        0
      ],
      [
        5,
        4.37334681,
        0,
        179.143341,
        171.609009,
        80.9495163,
        0,
        -1,
        0,
        -1,
        0,
        0
      ],
      [
        7,
        2.7554481,
        0,
        26.5476799,
        160.611511,
        80.3444748,
        1,
        0,
        0,
        0,
        -1,
        0
      ],
      [
        12,
        7.48981476,
        0,
        157.629395,
        -149.219406,
        57.8811989,
        0,
        0,
        1,
        -0.0082801776,
        -0.999965549,
        0
      ],
      [
        3,
        3,
        0,
        94.6751785,
        -187.386673,
        84.9696579,
        1,
        0,
        0,
        0,
        -1,
        0
      ],
      [
        13,
        5.88284874,
        0,
        98.4445496,
        -159.146408,
        70.4185791,
        0.625540435,
        2.79448749e-08,
        0.78019166,
        2.49006547e-07,
        -0.999999821,
        -2.79448749e-08
      ],
      [
        10,
        6.85435009,
        0,
        222.561996,
        -197.140991,
        77.8419571,
        -1,
        0,
        0,
        0,
        1,
        0
      ],
      [
        0,
        4.23170519,
        0,
        220.562012,
        -190.995605,
        74.8958969,
        -1,
        0,
        0,
        0,
        1,
        0
      ],
      [
        14,
        3,
        0,
        123.780289,
        -260.248993,
        83.8999329,
        0,
        1,
        0,
        1,
        0,
        0
      ],
      [
        1,
        3,
        0,
        -32.5927162,
        120.523636,
        80.7270279,
        -1,
        9.70063638e-07,
        9.53671702e-07,
        9.70063638e-07,
        1,
        0
      ]
    ],
    "eca_decals_concrete_damage_decal": [
      [
        0,
        11,
        0,
        -146.388733,
        211.272354,
        77.2563553,
        0.103054456,
        -0.103054456,
        0.989322841,
        -0.994618416,
        9.31322464e-10,
        0.103606068
      ],
      [
        0,
        11,
        0,
        -128.936157,
        190.667023,
        76.7884674,
        0,
        0,
        1,
        0.975978017,
        -0.217870995,
        0
      ],
      [
        0,
        11,
        0,
        -138.925934,
        194.172226,
        76.875,
        0,
        0,
        1,
        -0.988394976,
        0.151904002,
        0
      ],
      [
        0,
        11,
        0,
        -134.092743,
        209.403641,
        76.6242447,
        0.103606082,
        0,
        0.994618416,
        0.976347983,
        -0.190792993,
        -0.101703003
      ],
      [
        0,
        11,
        0,
        -37.7282639,
        139.388184,
        79.0625,
        0,
        0,
        1,
        0.136412993,
        -0.990652025,
        0
      ],
      [
        0,
        11,
        0,
        -38.3199768,
        149.964508,
        79.0625,
        0,
        0,
        1,
        -0.124980003,
        0.992159009,
        0
      ],
      [
        0,
        11,
        0,
        33.7469521,
        113.24012,
        79.0625076,
        0,
        0,
        1,
        -0.432731003,
        0.901522994,
        0
      ],
      [
        0,
        11,
        0,
        51.3364754,
        86.3151627,
        79.0625,
        0,
        0,
        1,
        -1,
        0,
        0
      ],
      [
        0,
        11,
        0,
        54.2779198,
        72.7023163,
        79.0625,
        0,
        0,
        1,
        -1,
        0,
        0
      ],
      [
        0,
        11,
        0,
        41.459301,
        75.5011597,
        79.0625,
        0,
        0,
        1,
        -1,
        0,
        0
      ],
      [
        0,
        11,
        0,
        52.686657,
        112.971794,
        79.0625,
        0,
        0,
        1,
        -1,
        0,
        0
      ],
      [
        0,
        11,
        0,
        20.4914207,
        82.3763275,
        79.0625,
        0,
        0,
        1,
        -1,
        0,
        0
      ],
      [
        0,
        11,
        0,
        34.793438,
        83.5342255,
        79.0625,
        0,
        0,
        1,
        -1,
        0,
        0
      ],
      [
        0,
        11,
        0,
        52.7426147,
        143.748383,
        79.0625,
        0,
        0,
        1,
        0.998386025,
        0.0567919984,
        0
      ],
      [
        0,
        11,
        0,
        -4.77407598,
        80.1111221,
        79.0625,
        0,
        0,
        1,
        -1,
        0,
        0
      ],
      [
        0,
        11,
        0,
        20.1137714,
        69.8914185,
        79.0625,
        0,
        0,
        1,
        -1,
        0,
        0
      ],
      [
        0,
        11,
        0,
        2.95852423,
        89.2147369,
        79.0625,
        0,
        0,
        1,
        -1,
        0,
        0
      ],
      [
        0,
        11,
        0,
        8.82270622,
        113.88311,
        79.0625,
        0,
        0,
        1,
        0.395588011,
        -0.918428004,
        0
      ],
      [
        0,
        11,
        0,
        -175.279099,
        116.464668,
        88.8370056,
        0,
        0.103606082,
        0.994618416,
        0,
        0.994618416,
        -0.103606082
      ],
      [
        0,
        11,
        0,
        -171.570511,
        103.729836,
        89.1292419,
        0.103054456,
        0.103054456,
        0.989322841,
        0.226191998,
        -0.970987976,
        0.0775830001
      ],
      [
        0,
        11,
        0,
        -93.0604324,
        -105.107658,
        79.2321167,
        0,
        0,
        1,
        -1,
        0,
        0
      ],
      [
        0,
        11,
        0,
        -104.366005,
        -91.8505859,
        79.2321167,
        0,
        0,
        1,
        -1,
        0,
        0
      ],
      [
        0,
        11,
        0,
        -88.8305435,
        -92.8219147,
        79.2321167,
        0,
        0,
        1,
        -1,
        0,
        0
      ],
      [
        0,
        11,
        0,
        -71.7923584,
        -91.7328339,
        79.2321167,
        0,
        0,
        1,
        -1,
        0,
        0
      ],
      [
        0,
        11,
        0,
        -70.3288574,
        -106.422424,
        79.2321167,
        0,
        0,
        1,
        -1,
        0,
        0
      ],
      [
        0,
        11,
        0,
        -126.366997,
        -104.465942,
        79.2321167,
        0,
        0,
        1,
        -1,
        0,
        0
      ],
      [
        0,
        11,
        0,
        -133.82222,
        -94.3494186,
        79.2321167,
        0,
        0,
        1,
        -1,
        0,
        0
      ],
      [
        0,
        11,
        0,
        -116.07177,
        -87.0333023,
        79.2321243,
        0,
        0,
        1,
        -1,
        0,
        0
      ],
      [
        0,
        11,
        0,
        -123.209755,
        -80.5171509,
        79.2321167,
        0,
        0,
        1,
        -1,
        0,
        0
      ]
    ],
    "ind_trash_01": [
      [
        0,
        4.46280622,
        0,
        -125.416862,
        222.79985,
        77.0609512,
        0,
        0,
        1,
        -1,
        0,
        0
      ],
      [
        0,
        4.09817123,
        0,
        -116.616455,
        213.613815,
        76.0977097,
        0,
        -0.103606082,
        0.994618416,
        0,
        0.994618416,
        0.103606082
      ],
      [
        0,
        3.43896532,
        0,
        -105.478172,
        6.02313089,
        79.125,
        0,
        0,
        1,
        -1,
        0,
        0
      ],
      [
        0,
        3.14050794,
        0,
        -110.625664,
        5.55749655,
        79.4339752,
        0.315948039,
        -0.242588237,
        0.917239308,
        -0.94548136,
        0,
        0.325676173
      ],
      [
        0,
        2.82721138,
        0,
        -34.8058319,
        162.24968,
        79.0625,
        0,
        0,
        1,
        -0.0377129987,
        -0.999288976,
        0
      ],
      [
        0,
        3.58943939,
        0,
        -36.066185,
        130.900085,
        79.0625,
        0,
        0,
        1,
        -1,
        0,
        0
      ],
      [
        0,
        10,
        0,
        61.657299,
        125.556999,
        74.0430984,
        0,
        0,
        1,
        -0.607800007,
        0.794099987,
        0
      ],
      [
        0,
        4,
        0,
        63.6321602,
        82.309639,
        79.1298141,
        0,
        0,
        1,
        -1,
        0,
        0
      ],
      [
        0,
        2.45989323,
        0,
        35.8642387,
        94.6297379,
        79.0625,
        0,
        0,
        1,
        -1,
        0,
        0
      ],
      [
        0,
        4.34681892,
        0,
        46.3055992,
        120.369003,
        80.271698,
        0,
        0,
        1,
        -1,
        0,
        0
      ],
      [
        0,
        5,
        0,
        -18.0044212,
        22.332243,
        78.8428497,
        -0.103054456,
        -0.103054456,
        0.989322841,
        0.00375999999,
        0.994570971,
        0.103992999
      ],
      [
        0,
        7,
        0,
        -19.3091564,
        71.5589294,
        79.0625,
        0,
        0,
        1,
        -1,
        0,
        0
      ],
      [
        0,
        1.76603675,
        0,
        -5.45581579,
        65.3905563,
        79.1298141,
        0,
        0,
        1,
        -1,
        0,
        0
      ],
      [
        0,
        2.63590336,
        0,
        -4.74754715,
        65.8369904,
        79.1298141,
        0,
        0,
        1,
        -1,
        0,
        0
      ],
      [
        0,
        7,
        0,
        51.4318619,
        65.2886658,
        79.1190796,
        0,
        0,
        1,
        -1,
        0,
        0
      ],
      [
        0,
        3.65469933,
        0,
        12.3282061,
        104.462845,
        78.9508514,
        0,
        0,
        1,
        -0.782100022,
        -0.623199999,
        0
      ],
      [
        0,
        7,
        0,
        -98.7131042,
        -108.651306,
        79.2321167,
        0,
        0,
        1,
        -1,
        0,
        0
      ],
      [
        0,
        7,
        0,
        -96.2714081,
        -88.6501617,
        79.2341232,
        0,
        0,
        1,
        -1,
        0,
        0
      ],
      [
        0,
        7,
        0,
        -75.3125687,
        -82.3147812,
        79.2321167,
        0,
        0,
        1,
        -1,
        0,
        0
      ],
      [
        0,
        4,
        0,
        29.6593323,
        70.7116089,
        79.1298141,
        0,
        0,
        1,
        -1,
        0,
        0
      ],
      [
        0,
        5.11596441,
        0,
        169.615997,
        -222.326004,
        57.8811989,
        0,
        0,
        1,
        0.592299998,
        -0.805700004,
        0
      ],
      [
        0,
        5.99232101,
        0,
        180.337006,
        -192.584,
        57.8811989,
        0,
        0,
        1,
        -1,
        0,
        0
      ],
      [
        0,
        5.24574471,
        0,
        154.940002,
        -195.179993,
        57.8811989,
        0,
        0,
        1,
        -0.764199972,
        -0.644900024,
        0
      ],
      [
        0,
        10,
        0,
        -64.5924988,
        -267.531006,
        57.8811989,
        0,
        0,
        1,
        -0.895299971,
        0.4454,
        0
      ]
    ],
    "ind_trash_02": [
      [
        0,
        3.65525532,
        0,
        -137.849533,
        221.333038,
        77.0215759,
        0.103054456,
        -0.103054456,
        0.989322841,
        -0.994618416,
        9.31322464e-10,
        0.103606068
      ],
      [
        0,
        4,
        0,
        -95.8926315,
        -57.1776886,
        79.6288528,
        -0.616042674,
        0.460551381,
        0.639049232,
        -0.719947517,
        -1.49011612e-08,
        -0.694028497
      ],
      [
        0,
        4,
        0,
        -90.8741684,
        -53.2722893,
        79.9031143,
        -0.170823455,
        0.0604780279,
        0.983443856,
        -0.985247374,
        0,
        -0.171136737
      ],
      [
        0,
        11,
        0,
        51.1892014,
        105.088997,
        73.5523987,
        0,
        0,
        1,
        0.1435,
        0.989600003,
        0
      ],
      [
        0,
        2.6769104,
        0,
        50.546669,
        90.9370117,
        78.3394623,
        0,
        0,
        1,
        -1,
        0,
        0
      ],
      [
        0,
        3.69405556,
        0,
        21.9092178,
        116.374191,
        80.0830917,
        0,
        0,
        1,
        -0.831200004,
        -0.555999994,
        0
      ],
      [
        0,
        11,
        0,
        23.1494007,
        147.445007,
        73.5422974,
        0,
        0,
        1,
        -0.823899984,
        -0.566699982,
        0
      ],
      [
        0,
        5,
        0,
        59.007225,
        156.301102,
        79.0625,
        0,
        0,
        1,
        -1,
        0,
        0
      ],
      [
        0,
        4.18683624,
        0,
        32.7466965,
        159.063568,
        79.0625,
        0,
        0,
        1,
        -1,
        0,
        0
      ],
      [
        0,
        4.02530098,
        0,
        45.7806015,
        131.794006,
        77.9836731,
        0,
        0,
        1,
        -0.398999989,
        0.916999996,
        0
      ],
      [
        0,
        4.32625532,
        0,
        -6.1545639,
        149.157318,
        77.6368561,
        0,
        0,
        1,
        0.738099992,
        -0.674700022,
        0
      ],
      [
        0,
        2.98576093,
        0,
        -35.9633217,
        30.7569065,
        79.1543427,
        -1.76121973e-15,
        2.95483638e-08,
        1,
        0,
        1,
        0
      ],
      [
        0,
        2.64762545,
        0,
        -4.5851388,
        64.3953629,
        79.1298141,
        0,
        0,
        1,
        -1,
        0,
        0
      ],
      [
        0,
        4.82950497,
        0,
        178.535995,
        -176.606003,
        57.8811989,
        0,
        0,
        1,
        0.540799975,
        -0.841199994,
        0
      ],
      [
        0,
        3,
        0,
        -19.3220692,
        -92.2037354,
        81.9852371,
        0,
        0,
        1,
        -1,
        0,
        0
      ],
      [
        0,
        5.22447014,
        0,
        -39.5343819,
        123.458672,
        79.0625,
        0,
        0,
        1,
        -1,
        0,
        0
      ],
      [
        0,
        4.3430171,
        0,
        -42.8069115,
        122.184944,
        79.0625,
        0,
        0,
        1,
        0.0721129999,
        -0.997395992,
        0
      ],
      [
        0,
        11,
        0,
        -5.17600012,
        110.682999,
        73.5472031,
        0,
        0,
        1,
        -1,
        0,
        0
      ],
      [
        0,
        3.35092068,
        0,
        1.81060004,
        124.098,
        79.0313034,
        0,
        0,
        1,
        -0.574899971,
        0.818199992,
        0
      ],
      [
        0,
        5.15292263,
        0,
        7.88129997,
        144.259995,
        79.0313034,
        0,
        0,
        1,
        -0.0789000019,
        0.996900022,
        0
      ],
      [
        0,
        10,
        0,
        -112.32119,
        -94.982254,
        79.2321243,
        0,
        0,
        1,
        -1,
        0,
        0
      ],
      [
        0,
        6.22892666,
        0,
        162.983002,
        -202.399994,
        57.8811989,
        0,
        0,
        1,
        -1,
        0,
        0
      ],
      [
        0,
        5.94979095,
        0,
        174.378998,
        -212.798996,
        57.8811989,
        0,
        0,
        1,
        -0.755299985,
        0.655300021,
        0
      ],
      [
        0,
        5.95534325,
        0,
        153.688995,
        -215.292007,
        57.8811989,
        0,
        0,
        1,
        0.816699982,
        -0.577099979,
        0
      ],
      [
        0,
        5.86897659,
        0,
        140.817001,
        -218.464996,
        57.8811989,
        0,
        0,
        1,
        -1,
        0,
        0
      ],
      [
        0,
        11,
        0,
        -24.8230991,
        -250.636002,
        57.8811989,
        0,
        0,
        1,
        -1,
        0,
        0
      ],
      [
        0,
        11,
        0,
        -50.838501,
        -264.71701,
        57.8811989,
        0,
        0,
        1,
        0.249200001,
        -0.968400002,
        0
      ],
      [
        0,
        11,
        0,
        -41.0391006,
        -235.929993,
        52.6449013,
        0,
        0,
        1,
        -0.544799984,
        -0.838500023,
        0
      ],
      [
        0,
        5.26750135,
        0,
        141.822998,
        -177.326996,
        57.8811989,
        0,
        0,
        1,
        -0.666000009,
        -0.745999992,
        0
      ],
      [
        0,
        5.31358194,
        0,
        165.804001,
        -174.414993,
        57.8811989,
        0,
        0,
        1,
        -0.0910999998,
        0.995800018,
        0
      ],
      [
        0,
        4.54694223,
        0,
        166.401001,
        -188.789993,
        57.8811989,
        0,
        0,
        1,
        -0.34740001,
        0.937699974,
        0
      ],
      [
        0,
        4.77385139,
        0,
        138.860001,
        -193.473007,
        57.8811989,
        0,
        0,
        1,
        -1,
        0,
        0
      ],
      [
        0,
        11,
        0,
        -63.911499,
        -231.738007,
        57.8811989,
        0,
        0,
        1,
        -0.0954999998,
        -0.995400012,
        0
      ],
      [
        0,
        11,
        0,
        171.681,
        116,
        79.0313034,
        0,
        0,
        1,
        -0.0688999966,
        0.997600019,
        0
      ],
      [
        0,
        11,
        0,
        -49.7659988,
        -149.076996,
        79,
        0,
        0,
        1,
        -1,
        0,
        0
      ],
      [
        0,
        11,
        0,
        -18.6501007,
        -49.3623009,
        79.0625,
        0,
        0,
        1,
        -0.234599993,
        -0.972100019,
        0
      ]
    ],
    "ind_trash_03": [
      [
        0,
        1,
        0,
        -97.2123108,
        -39.476223,
        79.0367126,
        0,
        0.20395425,
        0.978980422,
        0,
        0.978980422,
        -0.20395425
      ],
      [
        0,
        4,
        0,
        -92.9509583,
        -59.0422745,
        79.0429306,
        0,
        0,
        1,
        -1,
        0,
        0
      ],
      [
        0,
        4,
        0,
        62.5456123,
        72.2932053,
        79.1298141,
        0,
        0,
        1,
        -1,
        0,
        0
      ],
      [
        2,
        1,
        0,
        161.238998,
        -213.496002,
        57.8811989,
        0,
        0,
        1,
        -1,
        0,
        0
      ],
      [
        1,
        1,
        0,
        149.813995,
        -212.483994,
        57.8811989,
        0,
        0,
        1,
        -1,
        0,
        0
      ],
      [
        1,
        1,
        0,
        -37.4244003,
        -251.070999,
        57.8811989,
        0,
        0,
        1,
        -1,
        0,
        0
      ],
      [
        1,
        1,
        0,
        -26.3691006,
        -237.488007,
        57.8811989,
        0,
        0,
        1,
        -1,
        0,
        0
      ],
      [
        3,
        1,
        0,
        139.018005,
        -208.447006,
        57.8811989,
        0,
        0,
        1,
        -0.272700012,
        -0.962100029,
        0
      ]
    ],
    "nat_decals_fallen_leaves_01_decal": [
      [
        0,
        4,
        0,
        -145.03038,
        239.981583,
        78.5896683,
        0.20395425,
        0,
        0.978980422,
        -0.978980422,
        0,
        0.20395425
      ],
      [
        0,
        4,
        0,
        -142.228195,
        246.210403,
        78.9281616,
        0,
        -0.103606082,
        0.994618416,
        0,
        0.994618416,
        0.103606082
      ],
      [
        0,
        4,
        0,
        -145.947037,
        247.637527,
        78.9375,
        0,
        0,
        1,
        -1,
        0,
        0
      ],
      [
        0,
        4,
        0,
        -147.774979,
        243.773163,
        78.875,
        0,
        0,
        1,
        -1,
        0,
        0
      ],
      [
        0,
        4,
        0,
        -235.376266,
        -176.391602,
        81.7930756,
        0.382849663,
        -0.0957124159,
        0.918839216,
        -0.923076928,
        0,
        0.384615391
      ],
      [
        0,
        4,
        0,
        -229.774841,
        -172.904724,
        80.3411331,
        0.103606082,
        0,
        0.994618416,
        -0.994618416,
        0,
        0.103606082
      ],
      [
        0,
        4,
        0,
        -230.997818,
        -169.928894,
        80.7984009,
        0.296811551,
        -0.0989371762,
        0.949796975,
        -0.954480052,
        0,
        0.298275024
      ],
      [
        0,
        4,
        0,
        -236.803619,
        -170.308197,
        83.0731049,
        0.454245269,
        -0.181698099,
        0.872150958,
        -0.886914074,
        0,
        0.461934388
      ],
      [
        0,
        4,
        0,
        -8.53494644,
        -194.565979,
        79.0625,
        0,
        0,
        1,
        -1,
        0,
        0
      ],
      [
        0,
        4,
        0,
        -11.0688744,
        -191.629913,
        79.0625076,
        0,
        0,
        1,
        -1,
        0,
        0
      ],
      [
        0,
        4,
        0,
        -15.4369526,
        -191.363968,
        79.0625,
        0,
        0,
        1,
        -1,
        0,
        0
      ],
      [
        0,
        4,
        0,
        -15.8753643,
        -194.433212,
        79.0625,
        0,
        0,
        1,
        -1,
        0,
        0
      ],
      [
        0,
        4,
        0,
        -18.0798149,
        -189.78891,
        79.0625,
        0,
        0,
        1,
        -1,
        0,
        0
      ],
      [
        0,
        4,
        0,
        -52.1568642,
        -209.200546,
        79.9747238,
        0.103054456,
        0.103054456,
        0.989322841,
        -0.994618416,
        -9.31322464e-10,
        0.103606068
      ],
      [
        0,
        4,
        0,
        -50.7798462,
        -206.024246,
        79.6566772,
        0.103054456,
        0.103054456,
        0.989322841,
        -0.994618416,
        -9.31322464e-10,
        0.103606068
      ],
      [
        0,
        4,
        0,
        -53.5691071,
        -212.951508,
        80.25,
        0,
        0,
        1,
        -1,
        0,
        0
      ],
      [
        0,
        4,
        0,
        -47.8320351,
        -211.055344,
        79.5961838,
        0,
        0,
        1,
        -1,
        0,
        0
      ]
    ],
    "nat_decals_rocks_01_decal": [
      [
        0,
        10,
        0,
        -195.993683,
        37.6543121,
        78.90625,
        0,
        0,
        1,
        -1,
        0,
        0
      ],
      [
        0,
        10,
        0,
        4.3743,
        154.369995,
        74.0819016,
        0,
        0,
        1,
        -0.783800006,
        -0.621100008,
        0
      ],
      [
        0,
        8.77192497,
        0,
        -12.1380806,
        159.584213,
        79.0625,
        0,
        0,
        1,
        -1,
        0,
        0
      ],
      [
        0,
        10,
        0,
        -157.724533,
        89.943161,
        86.268898,
        0.622497439,
        -0.233436555,
        0.746996939,
        -0.768221319,
        7.4505806e-09,
        0.640184462
      ],
      [
        0,
        10,
        0,
        -148.655121,
        98.52285,
        85.1934052,
        0.277160645,
        -0.369547546,
        0.886914134,
        0,
        0.923076928,
        0.384615362
      ],
      [
        0,
        10,
        0,
        181.421997,
        140.003006,
        79.0311966,
        0,
        0,
        1,
        -1,
        0,
        0
      ],
      [
        0,
        10,
        0,
        183.042007,
        115.807999,
        79.0313034,
        0,
        0,
        1,
        -1,
        0,
        0
      ],
      [
        0,
        10,
        0,
        -21.8561001,
        -17.9524002,
        79.0625,
        0,
        0,
        1,
        -1,
        0,
        0
      ],
      [
        0,
        10,
        0,
        -35.1146011,
        -22.4428997,
        79.0625,
        0,
        0,
        1,
        -0.767199993,
        0.64139998,
        0
      ],
      [
        0,
        10,
        0,
        -30.4526005,
        -40.0858002,
        79.0625,
        0,
        0,
        1,
        -0.7949,
        -0.60680002,
        0
      ],
      [
        0,
        10,
        0,
        -48.0172997,
        -16.1156998,
        79.0938034,
        0,
        0,
        1,
        -1,
        0,
        0
      ],
      [
        0,
        10,
        0,
        188.011993,
        -173.058167,
        0.233194828,
        0.285830975,
        0.285830975,
        0.914659202,
        -0.954480052,
        -7.4505806e-09,
        0.298274994
      ],
      [
        0,
        10,
        0,
        176.667297,
        -168.285553,
        1.37008429,
        -0.103054456,
        0.103054456,
        0.989322841,
        -0.994618416,
        9.31322464e-10,
        -0.103606068
      ],
      [
        0,
        10,
        0,
        186.878372,
        -157.666107,
        2.22077894,
        -0.488710552,
        -0.558526337,
        0.67023164,
        1.49011612e-08,
        0.768221378,
        0.640184402
      ],
      [
        0,
        10,
        0,
        151.836548,
        -167.98378,
        1.05743551,
        0,
        0.298274994,
        0.954479992,
        0,
        0.954479992,
        -0.298274994
      ],
      [
        0,
        10,
        0,
        127.54483,
        -160.888062,
        0.423657417,
        0.103054456,
        -0.103054456,
        0.989322841,
        -0.994618416,
        9.31322464e-10,
        0.103606068
      ],
      [
        0,
        10,
        0,
        119.120979,
        -178.495483,
        0.868439674,
        0.202901959,
        0.10145098,
        0.973929465,
        -0.978980422,
        1.86264493e-09,
        0.20395422
      ],
      [
        0,
        10,
        0,
        118.795349,
        -198.631882,
        1.30827904,
        0.202901959,
        0.10145098,
        0.973929465,
        -0.978980422,
        1.86264493e-09,
        0.20395422
      ],
      [
        0,
        10,
        0,
        128.817154,
        -220.248047,
        0.696028709,
        -0.202901959,
        -0.10145098,
        0.973929465,
        -0.978980422,
        1.86264493e-09,
        -0.20395422
      ],
      [
        0,
        10,
        0,
        120.133469,
        -230.46344,
        2.38418579e-07,
        0,
        0,
        1,
        -1,
        0,
        0
      ],
      [
        0,
        10,
        0,
        138.377655,
        -237.462814,
        0.856252193,
        -0.0560631156,
        0.840946734,
        0.538205922,
        1.86264493e-09,
        0.539053679,
        -0.842271447
      ],
      [
        0,
        10,
        0,
        150.456558,
        -229.905075,
        0.0828051567,
        -0.103606082,
        0,
        0.994618416,
        -0.994618416,
        0,
        -0.103606082
      ],
      [
        0,
        10,
        0,
        172.711472,
        -239.094177,
        0.25,
        0,
        0,
        1,
        -1,
        0,
        0
      ],
      [
        0,
        10,
        0,
        180.138336,
        -228.679398,
        0.0542292595,
        0.103606082,
        0,
        0.994618416,
        -0.994618416,
        0,
        0.103606082
      ],
      [
        0,
        10,
        0,
        189.643738,
        -219.170441,
        0.0266976357,
        0.103606082,
        0,
        0.994618416,
        -0.994618416,
        0,
        0.103606082
      ],
      [
        0,
        10,
        0,
        -186.776886,
        -107.679321,
        88.65625,
        0,
        0,
        1,
        -1,
        0,
        0
      ],
      [
        0,
        10,
        0,
        -200.338531,
        -87.2310944,
        88.3519211,
        -0.181698099,
        0.454245269,
        0.872150958,
        0,
        0.886914074,
        -0.461934388
      ],
      [
        0,
        10,
        0,
        -186.679062,
        -98.2247925,
        88.8667603,
        -0.103606082,
        0,
        0.994618416,
        -0.994618416,
        0,
        -0.103606082
      ],
      [
        0,
        10,
        0,
        -200.483276,
        -111.624802,
        88.625,
        0,
        0,
        1,
        0.908154011,
        -0.418635011,
        0
      ],
      [
        0,
        10,
        0,
        -202.697617,
        -101.088753,
        88.9580917,
        0.103606082,
        0,
        0.994618416,
        0.458113998,
        0.887611985,
        -0.0477200001
      ],
      [
        0,
        10,
        0,
        -158.480453,
        80.2531052,
        85.0563812,
        0.298274994,
        0,
        0.954479992,
        -0.954479992,
        0,
        0.298274994
      ],
      [
        0,
        10,
        0,
        -196.002441,
        59.0730553,
        79.75,
        0,
        0,
        1,
        -1,
        0,
        0
      ],
      [
        0,
        10,
        0,
        -190.643631,
        67.7190704,
        83.3439255,
        -0.358979076,
        -0.358979076,
        0.861549795,
        -0.923076987,
        -7.4505806e-09,
        -0.384615421
      ],
      [
        0,
        10,
        0,
        -209.423615,
        -71.5405273,
        83.0106888,
        0.0957124159,
        0.382849663,
        0.918839216,
        0,
        0.923076928,
        -0.384615391
      ],
      [
        0,
        10,
        0,
        -227.044983,
        -130.449768,
        80.9155655,
        0.199840203,
        0.199840203,
        0.959232986,
        -0.978980482,
        0,
        0.203954279
      ]
    ],
    "repair_patches": [
      [
        3,
        3.96067357,
        0,
        -148.36734,
        -234.383286,
        79.7187576,
        0,
        0,
        1,
        0.855822623,
        0.517269373,
        0
      ],
      [
        2,
        4.52518654,
        0,
        -126.338036,
        214.098373,
        76.4375,
        0,
        0,
        1,
        0.38048777,
        0.924785972,
        0
      ],
      [
        0,
        4.56945515,
        0,
        -95.4485474,
        205.447769,
        75.8156738,
        -0.0366889723,
        -0.0968924165,
        0.994618416,
        -0.352214128,
        -0.930167198,
        -0.103606082
      ],
      [
        1,
        4.56945515,
        0,
        -95.8640747,
        202.115662,
        75.6655197,
        -0.132870167,
        -0.0598829053,
        0.989322841,
        -0.352214128,
        -0.930167198,
        -0.103606068
      ],
      [
        1,
        4.50480556,
        0,
        -154.848663,
        238.349518,
        78.2858276,
        -0.098062858,
        0.0334349498,
        0.994618416,
        0.941403449,
        -0.320975542,
        0.103606082
      ],
      [
        3,
        4.36244011,
        0,
        -92.228569,
        -20.2358208,
        79.125,
        0,
        0,
        1,
        0.758488238,
        0.651686668,
        0
      ],
      [
        0,
        4.43640423,
        0,
        -109.837807,
        -47.8869553,
        79.125,
        0,
        0,
        1,
        -1,
        0,
        0
      ],
      [
        1,
        4.44521332,
        0,
        -36.3662529,
        186.296326,
        79.21875,
        0,
        0,
        1,
        -0.92260474,
        0.385746002,
        0
      ],
      [
        2,
        4.50258732,
        0,
        -61.7240639,
        121.177002,
        80.7604141,
        -0.103606053,
        -4.85213825e-09,
        0.994618416,
        0.050038565,
        -0.998733521,
        0.0052123284
      ],
      [
        2,
        4.08080959,
        0,
        -80.5860977,
        224.109207,
        75.5743637,
        -0.103606082,
        -7.65127683e-10,
        0.994618416,
        0.985514522,
        0.134990603,
        0.102657758
      ],
      [
        0,
        3,
        0,
        -102.328163,
        99.625206,
        78.7500076,
        0,
        0,
        1,
        -0.997961581,
        -0.0638180375,
        0
      ],
      [
        2,
        3,
        0,
        -99.7025223,
        100.867393,
        79.2643127,
        -0.00661193719,
        0.103394888,
        0.994618416,
        -0.0634745955,
        0.992590964,
        -0.103606082
      ]
    ],
    "road_01_tracks_large_decal_01d": [
      [
        2,
        10,
        0,
        -129.778122,
        -214.931168,
        79.34375,
        0,
        0,
        1,
        -1,
        0,
        0
      ],
      [
        1,
        10,
        0,
        -127.297005,
        -199.348465,
        79.3125,
        0,
        0,
        1,
        -1,
        0,
        0
      ],
      [
        3,
        10,
        0,
        -137.228058,
        -231.828949,
        79.5,
        0,
        0,
        1,
        -1,
        0,
        0
      ],
      [
        3,
        10,
        0,
        -177.32605,
        215.13855,
        77.5068512,
        0.382849663,
        0.0957124159,
        0.918839216,
        -0.923076928,
        0,
        0.384615391
      ],
      [
        3,
        10,
        0,
        -155.925446,
        235.275146,
        78.8203201,
        0,
        -0.103606082,
        0.994618416,
        0.924462974,
        -0.379220009,
        -0.0395019986
      ],
      [
        3,
        10,
        0,
        -156.96196,
        227.397537,
        78.2809906,
        0,
        -0.103606082,
        0.994618416,
        -0.996810019,
        -0.0793759972,
        -0.00826799963
      ],
      [
        3,
        10,
        0,
        -164.203934,
        255.7677,
        79.6875,
        0,
        0,
        1,
        -1,
        0,
        0
      ],
      [
        2,
        10,
        0,
        -151.599167,
        264.887848,
        79.46875,
        0,
        0,
        1,
        -0.462781012,
        0.886473,
        0
      ],
      [
        3,
        10,
        0,
        -123.674591,
        271.43277,
        78.1360092,
        0,
        -0.461934447,
        0.886914134,
        0,
        0.886914134,
        0.461934447
      ],
      [
        2,
        10,
        0,
        -104.281067,
        268.786987,
        77.0188599,
        0.103606082,
        0,
        0.994618416,
        -0.255106002,
        -0.966548026,
        0.0265740007
      ],
      [
        3,
        10,
        0,
        -85.4507217,
        170.907379,
        76.59375,
        0,
        0,
        1,
        -1,
        0,
        0
      ],
      [
        2,
        10,
        0,
        -78.6062241,
        179.569855,
        76.46875,
        0,
        0,
        1,
        -0.859173,
        0.511685014,
        0
      ],
      [
        2,
        10,
        0,
        -69.5652466,
        205.232742,
        76.1360626,
        -0.382849663,
        0.0957124159,
        0.918839216,
        -0.923076928,
        0,
        -0.384615391
      ],
      [
        1,
        10,
        0,
        -71.9422302,
        192.113907,
        76.330719,
        -0.521916747,
        0.173972249,
        0.835066855,
        -0.847998321,
        0,
        -0.529998899
      ],
      [
        0,
        8.58740044,
        0,
        157.804001,
        143.813995,
        79.0313034,
        0,
        0,
        1,
        -1,
        0,
        0
      ],
      [
        1,
        9.65499973,
        0,
        181.358994,
        104.344002,
        74.7536011,
        0,
        0,
        1,
        -1,
        0,
        0
      ],
      [
        2,
        8.18550014,
        0,
        159.634003,
        98.9266968,
        79.0313034,
        0,
        0,
        1,
        -0.129600003,
        -0.991599977,
        0
      ],
      [
        3,
        10,
        0,
        -216.461502,
        -199.307495,
        79.46875,
        0.103054456,
        0.103054456,
        0.989322841,
        -0.994618416,
        -9.31322464e-10,
        0.103606068
      ],
      [
        1,
        10,
        0,
        -74.5053253,
        232.19046,
        75.7807999,
        0,
        0,
        1,
        -1,
        0,
        0
      ],
      [
        2,
        10,
        0,
        -151.698959,
        -242.643417,
        79.9167786,
        -0.103606082,
        0,
        0.994618416,
        -0.493353993,
        0.868309021,
        -0.0513910018
      ],
      [
        3,
        10,
        0,
        -170.930923,
        -247.047119,
        80.4375,
        0,
        0,
        1,
        -1,
        0,
        0
      ],
      [
        3,
        10,
        0,
        -187.370056,
        -245.577713,
        80.625,
        0,
        0,
        1,
        -1,
        0,
        0
      ],
      [
        1,
        10,
        0,
        -201.973923,
        -237.760254,
        80.46875,
        0,
        0,
        1,
        -1,
        0,
        0
      ],
      [
        3,
        10,
        0,
        -210.240677,
        -225.485291,
        80.09375,
        0,
        0,
        1,
        -1,
        0,
        0
      ],
      [
        0,
        10,
        0,
        -143.708282,
        -170.653641,
        79.3178787,
        -0.103606082,
        0,
        0.994618416,
        -0.414380997,
        -0.909079015,
        -0.0431649983
      ],
      [
        1,
        10,
        0,
        -131.21077,
        -183.887329,
        79.4272766,
        -0.103054456,
        -0.103054456,
        0.989322841,
        -0.994618416,
        -9.31322464e-10,
        -0.103606068
      ],
      [
        2,
        10,
        0,
        -215.295624,
        -214.307541,
        79.8644562,
        0.202901959,
        0.10145098,
        0.973929465,
        -0.978980422,
        1.86264493e-09,
        0.20395422
      ],
      [
        2,
        10,
        0,
        -258.565063,
        -1.82309246,
        81.1875076,
        0,
        0,
        1,
        -1,
        0,
        0
      ],
      [
        0,
        10,
        0,
        -255.345001,
        -18.7209415,
        80.3936539,
        0,
        -0.103606082,
        0.994618416,
        0,
        0.994618416,
        0.103606082
      ],
      [
        1,
        10,
        0,
        -255.483124,
        14.6126862,
        80.2903442,
        0,
        0.103606082,
        0.994618416,
        0,
        0.994618416,
        -0.103606082
      ]
    ]
  }
}