{"class":"TSStatic","persistentId":"01cbf4fc-3c1c-4c27-ad52-fba2d95e6620","__parent":"debris","position":[30.7183437,162.927567,79.0925903],"isRenderEnabled":false,"order_simset":640,"scale":[1.5,1.5,1.5],"shapeName":"/levels/derby/art/shapes/buildings/debris/medium_pile.DAE","useInstanceRenderData":true}
{"class":"TSStatic","persistentId":"0231ad95-dbf6-4d01-b0c9-8495ded74e1d","__parent":"debris","position":[-109.330742,7.14115429,79.6326141],"isRenderEnabled":false,"order_simset":641,"rotationMatrix":[0.956737459,0.290952682,0,-0.103437275,0.340131968,-0.934671581,-0.271945208,0.894235313,0.355512351],"shapeName":"/levels/derby/art/shapes/buildings/debris/debris_a_d.DAE","useInstanceRenderData":true}
{"class":"TSStatic","persistentId":"05d1d466-72f5-41d8-b666-be49ea27d45d","__parent":"debris","position":[28.5773563,158.918365,79.0777435],"isRenderEnabled":false,"order_simset":642,"rotationMatrix":[-0.675000548,-0.737817287,0,0.737817287,-0.675000548,0,0,0,1],"scale":[1.5,1.5,1.5],"shapeName":"/levels/derby/art/shapes/buildings/debris/small_pile_b.DAE","useInstanceRenderData":true}
{"class":"TSStatic","persistentId":"097b47e2-b21a-4c5c-a410-e6112908a2c7","__parent":"debris","position":[-88.1456223,-51.3115921,79.1165237],"isRenderEnabled":false,"order_simset":643,"rotationMatrix":[0.987906992,0.15504761,0,-0.15504761,0.987906992,0,0,0,1],"shapeName":"/levels/derby/art/shapes/buildings/debris/debris_m_pipe.DAE","useInstanceRenderData":true}
{"class":"TSStatic","persistentId":"0a1b3e73-0630-4894-b783-81a45cd951bf","__parent":"debris","position":[-104.402237,7.37298918,79.1236038],"isRenderEnabled":false,"order_simset":644,"scale":[1.5,1.5,1.5],"shapeName":"/levels/derby/art/shapes/buildings/debris/big_pile.DAE","useInstanceRenderData":true}
{"class":"TSStatic","persistentId":"1163e3d9-9910-4a83-a849-c357cae4dd83","__parent":"debris","position":[-96.8783722,-60.4868126,79.1550903],"isRenderEnabled":false,"order_simset":645,"rotationMatrix":[-0.746625066,-0.648500383,-0.148318082,0.664566934,-0.737154424,-0.122287318,-0.0300299525,-0.189870059,0.981349826],"scale":[1.5,1.5,1.5],"shapeName":"/levels/derby/art/shapes/buildings/debris/medium_pile.DAE","useInstanceRenderData":true}
{"class":"TSStatic","persistentId":"120a4788-bf79-4609-8475-bc23eccd2366","__parent":"debris","position":[-98.4348755,-60.8268394,79.1310654],"isRenderEnabled":false,"order_simset":646,"scale":[1.5,1.5,1.5],"shapeName":"/levels/derby/art/shapes/buildings/debris/small_pile_c.DAE","useInstanceRenderData":true}
{"class":"TSStatic","persistentId":"13554096-9c9d-423b-817b-53c3c48319b6","__parent":"debris","position":[-88.9009628,-52.6233902,79.0925903],"isRenderEnabled":false,"order_simset":647,"scale":[1.5,1.5,1.5],"shapeName":"/levels/derby/art/shapes/buildings/debris/medium_pile.DAE","useInstanceRenderData":true}
{"class":"TSStatic","persistentId":"1571739f-b177-4826-9c41-8a1d882789f2","__parent":"debris","position":[-93.8681564,-57.8884315,79.0725098],"isRenderEnabled":false,"order_simset":648,"scale":[1.5,1.5,1.5],"shapeName":"/levels/derby/art/shapes/buildings/debris/small_pile_a.DAE","useInstanceRenderData":true}
{"class":"TSStatic","persistentId":"29838ac2-82f7-44da-8e93-8dfe409f8f0b","__parent":"debris","position":[-110.341949,6.63818216,79.1938324],"isRenderEnabled":false,"order_simset":649,"rotationMatrix":[1,0,0,0,0.929902613,0.367805868,0,-0.367805868,0.929902613],"shapeName":"/levels/derby/art/shapes/buildings/debris/debris_b_brickwall.DAE","useInstanceRenderData":true}
{"class":"TSStatic","persistentId":"2f66f655-9c91-4df8-a2c9-487ad80ed6ea","__parent":"debris","position":[30.9001102,161.064789,79.0777435],"isRenderEnabled":false,"order_simset":650,"scale":[1.5,1.5,1.5],"shapeName":"/levels/derby/art/shapes/buildings/debris/small_pile_b.DAE","useInstanceRenderData":true}
{"class":"TSStatic","persistentId":"303de599-67f8-4b16-8370-5fd296a501ba","__parent":"debris","position":[-36.5931358,21.8585663,79.1605377],"isRenderEnabled":false,"order_simset":651,"shapeName":"/levels/derby/art/shapes/buildings/industrial_clutters/crate_stack.DAE","useInstanceRenderData":true}
{"class":"TSStatic","persistentId":"31075675-dbec-480a-8370-0e59e6f6c6e6","__parent":"debris","position":[-91.9019318,-51.6584549,79.0659866],"isRenderEnabled":false,"order_simset":652,"shapeName":"/levels/derby/art/shapes/buildings/debris/debris_m_barrel_a.DAE","useInstanceRenderData":true}
{"class":"TSStatic","persistentId":"36311d27-2e59-4960-887b-b99187af3c1b","__parent":"debris","position":[-25.2298794,24.0482445,79.1605377],"isRenderEnabled":false,"order_simset":653,"shapeName":"/levels/derby/art/shapes/buildings/industrial_clutters/ind_wood_stack.DAE","useInstanceRenderData":true}
{"class":"TSStatic","persistentId":"372fd48b-7dfc-43cd-9a87-15b3ecb3dff6","__parent":"debris","position":[-95.1308899,-55.0676651,79.1402435],"isRenderEnabled":false,"order_simset":654,"rotationMatrix":[-0.232667401,0.972556353,0,-0.972556353,-0.232667401,0,0,0,1],"scale":[1.5,1.5,1.5],"shapeName":"/levels/derby/art/shapes/buildings/debris/small_pile_b.DAE","useInstanceRenderData":true}
{"class":"TSStatic","persistentId":"3dd16d3f-2d5d-401c-aafb-024b239c6a32","__parent":"debris","position":[-97.0979156,-56.0680275,79.1225128],"isRenderEnabled":false,"order_simset":655,"rotationMatrix":[-0.271078706,-0.962557197,0,0.962557197,-0.271078706,0,0,0,1],"scale":[1.5,1.5,1.5],"shapeName":"/levels/derby/art/shapes/buildings/debris/metal_pile.DAE","useInstanceRenderData":true}
{"class":"TSStatic","persistentId":"45108cf9-da09-4ae8-b19f-2e16a9384655","__parent":"debris","position":[-91.0378571,-53.5522842,79.1097107],"isRenderEnabled":false,"order_simset":656,"rotationMatrix":[-0.73976171,-0.672869027,0,0.672869027,-0.73976171,0,0,0,1],"scale":[1.5,1.5,1.5],"shapeName":"/levels/derby/art/shapes/buildings/debris/big_pile.DAE","useInstanceRenderData":true}
{"class":"TSStatic","persistentId":"45546d48-3695-472e-9765-022b173b6bfd","__parent":"debris","position":[-36.6302261,20.0393715,79.1605377],"isRenderEnabled":false,"order_simset":657,"shapeName":"/levels/derby/art/shapes/buildings/industrial_clutters/crate_stack.DAE","useInstanceRenderData":true}
{"class":"TSStatic","persistentId":"4932533c-b28d-41b3-aa9b-64ab8d8bd2a9","__parent":"debris","position":[-110.12516,4.06523848,79.0899582],"isRenderEnabled":false,"order_simset":658,"rotationMatrix":[-0.847956836,0.474163443,-0.236934379,-0.456671298,-0.880436659,-0.12760216,-0.269110084,0,0.963109434],"scale":[1.13773859,1.13773859,1.13773859],"shapeName":"/levels/derby/art/shapes/buildings/debris/debris_a_c.DAE","useInstanceRenderData":true}
{"class":"TSStatic","persistentId":"52503130-b39c-4898-887b-919931a1f46e","__parent":"debris","position":[-110.697128,6.34345198,79.1948395],"isRenderEnabled":false,"order_simset":659,"shapeName":"/levels/derby/art/shapes/buildings/debris/debris_a_s5.DAE","useInstanceRenderData":true}
{"class":"TSStatic","persistentId":"609d09e6-296b-4817-970b-d7ec6a20fa8c","__parent":"debris","position":[-109.276985,4.56343603,79.2439041],"isRenderEnabled":false,"order_simset":660,"rotationMatrix":[0.970201015,0,-0.24230136,0.0588812493,0.970024049,0.235766932,0.235038146,-0.24300833,0.9411183],"shapeName":"/levels/derby/art/shapes/buildings/debris/debris_a_b.DAE","useInstanceRenderData":true}
{"class":"TSStatic","persistentId":"6c6a17d9-52a3-4e48-8e97-f12fcc5b0b33","__parent":"debris","position":[-91.1631699,-51.9412003,79.2723083],"isRenderEnabled":false,"order_simset":661,"rotationMatrix":[-0.555297375,-0.828422189,0.0732227936,0,0.0880450085,0.996116519,-0.831651866,0.553140879,-0.0488911606],"shapeName":"/levels/derby/art/shapes/buildings/debris/debris_b_brickwall.DAE","useInstanceRenderData":true}
{"class":"TSStatic","persistentId":"7bdcd518-05d9-4a87-970d-1ee3d5112507","__parent":"debris","position":[-107.854912,7.95897293,79.1236038],"isRenderEnabled":false,"order_simset":662,"rotationMatrix":[-0.630567789,-0.776134193,0,0.776134193,-0.630567789,0,0,0,1],"scale":[1.5,1.5,1.5],"shapeName":"/levels/derby/art/shapes/buildings/debris/big_pile.DAE","useInstanceRenderData":true}
{"class":"TSStatic","persistentId":"7ee1955e-c9e9-440c-93a8-3054ed25ba12","__parent":"debris","position":[-94.0747604,-54.0819817,79.1402435],"isRenderEnabled":false,"order_simset":663,"rotationMatrix":[0.959299445,0.282390893,0,-0.282390893,0.959299445,0,0,0,1],"scale":[1.5,1.5,1.5],"shapeName":"/levels/derby/art/shapes/buildings/debris/small_pile_b.DAE","useInstanceRenderData":true}
{"class":"TSStatic","persistentId":"82465cf0-0520-40c8-846c-3a9b3efa0f8c","__parent":"debris","position":[-105.608856,4.30047894,78.7163315],"isRenderEnabled":false,"order_simset":664,"rotationMatrix":[0.937865555,0.346998811,1.46343174e-10,-0.346998721,0.937865317,0.000690533896,0.00023961431,-0.00064762804,0.999999762],"scale":[1.5,1.5,1.5],"shapeName":"/levels/derby/art/shapes/buildings/debris/big_pile_angle.DAE","useInstanceRenderData":true}
{"class":"TSStatic","persistentId":"86514861-e2f9-41f1-99c2-64064cb09d7a","__parent":"debris","position":[-109.953148,4.98820066,78.7163315],"isRenderEnabled":false,"order_simset":665,"rotationMatrix":[0.937865555,0.346998811,1.46343174e-10,-0.346998721,0.937865317,0.000690533896,0.00023961431,-0.00064762804,0.999999762],"scale":[1.5,1.5,1.5],"shapeName":"/levels/derby/art/shapes/buildings/debris/big_pile_angle.DAE","useInstanceRenderData":true}
{"class":"TSStatic","persistentId":"865b3acf-04a6-4fd6-b4ae-3a65cb818a64","__parent":"debris","position":[28.1951427,162.391571,79.0704956],"isRenderEnabled":false,"order_simset":666,"rotationMatrix":[2.98023224e-08,0.999999821,1.46343174e-10,-0.999999583,2.98023224e-08,0.000690533896,0.00069053378,-1.89174898e-10,0.999999762],"scale":[1.5,1.5,1.5],"shapeName":"/levels/derby/art/shapes/buildings/debris/big_pile_angle.DAE","useInstanceRenderData":true}
{"class":"TSStatic","persistentId":"86a5af81-dfff-4480-becd-ad32d061ac49","__parent":"debris","position":[-108.78923,3.59401226,79.2617645],"isRenderEnabled":false,"order_simset":667,"rotationMatrix":[1,0,0,0,0.999872506,-0.0159681439,0,0.0159681439,0.999872506],"scale":[1.5,1.5,1.5],"shapeName":"/levels/derby/art/shapes/buildings/debris/small_pile_d.DAE","useInstanceRenderData":true}
{"class":"TSStatic","persistentId":"87e4c276-4f5a-4ef6-96dd-a93a7fe83197","__parent":"debris","position":[-97.7516785,-58.8968086,79.0946655],"isRenderEnabled":false,"order_simset":668,"rotationMatrix":[0.573940158,-0.793087244,-0.2039738,0.805511296,0.591617286,-0.0337729827,0.147459343,-0.144919544,0.978393734],"scale":[1.5,1.5,1.5],"shapeName":"/levels/derby/art/shapes/buildings/debris/big_pile_angle.DAE","useInstanceRenderData":true}
{"class":"TSStatic","persistentId":"8a25bc44-fd7a-4328-a997-fb56e0e57800","__parent":"debris","position":[-90.8075867,-51.262413,79.1250381],"isRenderEnabled":false,"order_simset":669,"scale":[1.5,1.5,1.5],"shapeName":"/levels/derby/art/shapes/buildings/debris/small_pile_d.DAE","useInstanceRenderData":true}
{"class":"TSStatic","persistentId":"8a3d04c5-bf65-4633-83d8-e9ceaf06006d","__parent":"debris","position":[-106.61599,4.53122091,79.1473236],"isRenderEnabled":false,"order_simset":670,"rotationMatrix":[0.819137871,-0.382660717,0.427298129,0,0.744945526,0.667125285,-0.573596478,-0.546467602,0.610213101],"shapeName":"/levels/derby/art/shapes/buildings/debris/debris_a_d.DAE","useInstanceRenderData":true}
{"class":"TSStatic","persistentId":"9e51ae18-835a-43f0-a87b-c77f5cf10019","__parent":"debris","position":[-36.8176727,18.8491478,79.1605377],"isRenderEnabled":false,"order_simset":671,"rotationMatrix":[-0.0416790992,-0.999131083,0,0.999131083,-0.0416790992,0,0,0,1],"shapeName":"/levels/derby/art/shapes/buildings/industrial_clutters/crate_stack.DAE","useInstanceRenderData":true}
{"class":"TSStatic","persistentId":"9fff87ec-6274-4254-b8f5-958c0e5b3ca5","__parent":"debris","position":[-92.7483368,-56.4768906,79.5337906],"isRenderEnabled":false,"order_simset":672,"rotationMatrix":[0.99808979,0.0201828275,0.0583898723,-0.00704855099,0.976161361,-0.216931626,-0.0613762252,0.216105625,0.974438906],"scale":[1.5,1.5,1.5],"shapeName":"/levels/derby/art/shapes/buildings/debris/small_pile_c.DAE","useInstanceRenderData":true}
{"class":"TSStatic","persistentId":"a1ea7487-249a-4cc6-bf13-5edbd98ae490","__parent":"debris","position":[-94.8854065,-57.3358727,79.3439941],"isRenderEnabled":false,"order_simset":673,"rotationMatrix":[0.99348712,0.0132509321,0.113171153,0,0.993214965,-0.116293095,-0.11394427,0.115535691,0.986746252],"scale":[1.5,1.5,1.5],"shapeName":"/levels/derby/art/shapes/buildings/debris/metal_pile.DAE","useInstanceRenderData":true}
{"class":"TSStatic","persistentId":"a7d95228-25eb-4d69-ae9b-0f181e456504","__parent":"debris","position":[-102.762749,5.1015358,79.1537628],"isRenderEnabled":false,"order_simset":674,"scale":[1.5,1.5,1.5],"shapeName":"/levels/derby/art/shapes/buildings/debris/metal_pile.DAE","useInstanceRenderData":true}
{"class":"TSStatic","persistentId":"a98549b5-1f5e-4b24-aecf-92c294d68b47","__parent":"debris","position":[-89.709877,-51.0095367,79.1350098],"isRenderEnabled":false,"order_simset":675,"scale":[1.5,1.5,1.5],"shapeName":"/levels/derby/art/shapes/buildings/debris/small_pile_a.DAE","useInstanceRenderData":true}
{"class":"TSStatic","persistentId":"afcec09d-a704-43c5-b90b-e1772817908b","__parent":"debris","position":[-110.611435,6.68517542,79.2277985],"isRenderEnabled":false,"order_simset":676,"rotationMatrix":[0.478049874,0.819078028,0.317142725,-0.682538509,0.573682129,-0.45280239,-0.55281961,0,0.833300948],"shapeName":"/levels/derby/art/shapes/buildings/debris/debris_a_brickwall.DAE","useInstanceRenderData":true}
{"class":"TSStatic","persistentId":"b0a9d59b-06a5-4265-872b-747d995c3dd6","__parent":"debris","position":[-102.270393,7.07753229,79.3161011],"isRenderEnabled":false,"order_simset":677,"rotationMatrix":[-0.365973085,0.927511513,-0.0760681555,-0.92829901,-0.369612753,-0.040589083,-0.0657626018,0.0557594784,0.996276319],"scale":[1.5,1.5,1.5],"shapeName":"/levels/derby/art/shapes/buildings/debris/small_pile_a.DAE","useInstanceRenderData":true}
{"class":"TSStatic","persistentId":"b18ea732-c4ef-4f8a-8518-741101193634","__parent":"debris","position":[27.9445076,160.739182,79.1097107],"isRenderEnabled":false,"order_simset":678,"rotationMatrix":[-0.50000006,-0.866025388,0,0.866025388,-0.50000006,0,0,0,1],"scale":[1.5,1.5,1.5],"shapeName":"/levels/derby/art/shapes/buildings/debris/big_pile.DAE","useInstanceRenderData":true}
{"class":"TSStatic","persistentId":"bd5a94e2-c00a-4085-90ce-707b7035a4d2","__parent":"debris","position":[-25.1578369,22.4045029,79.1605377],"isRenderEnabled":false,"order_simset":679,"rotationMatrix":[-0.995512426,-0.0946310908,0,0.0946310908,-0.995512426,0,0,0,1],"shapeName":"/levels/derby/art/shapes/buildings/industrial_clutters/ind_wood_stack.DAE","useInstanceRenderData":true}
{"class":"TSStatic","persistentId":"beaa2881-f87f-4961-af6a-e712c55534c0","__parent":"debris","position":[-36.5389938,20.9525661,79.1605377],"isRenderEnabled":false,"order_simset":680,"rotationMatrix":[-0.9977054,-0.0677049085,0,0.0677049085,-0.9977054,0,0,0,1],"shapeName":"/levels/derby/art/shapes/buildings/industrial_clutters/crate_stack.DAE","useInstanceRenderData":true}
{"class":"TSStatic","persistentId":"c906e69b-70c7-4392-9d0f-b20a48112800","__parent":"debris","position":[-111.828232,5.58061457,79.009552],"isRenderEnabled":false,"order_simset":681,"rotationMatrix":[-0.629987478,-0.776366472,-0.0192573704,0.775673866,-0.630252421,0.0333435833,-0.038023863,0.0060685873,0.99925822],"scale":[1.5,1.5,1.5],"shapeName":"/levels/derby/art/shapes/buildings/debris/metal_pile.DAE","useInstanceRenderData":true}
{"class":"TSStatic","persistentId":"cb86bde9-96fb-43c6-9297-55b6ec7b50fa","__parent":"debris","position":[-110.120079,7.39583826,79.3461914],"isRenderEnabled":false,"order_simset":682,"scale":[1.5,1.5,1.5],"shapeName":"/levels/derby/art/shapes/buildings/debris/small_pile_c.DAE","useInstanceRenderData":true}
{"class":"TSStatic","persistentId":"d4ea306e-b238-45e6-b2d3-c9809dea3cd0","__parent":"debris","position":[-106.92366,3.96082973,79.2517014],"isRenderEnabled":false,"order_simset":683,"rotationMatrix":[-0.729460299,0.684023023,0,-0.684023023,-0.729460299,0,0,0,1],"scale":[1.5,1.5,1.5],"shapeName":"/levels/derby/art/shapes/buildings/debris/small_pile_b.DAE","useInstanceRenderData":true}
{"class":"TSStatic","persistentId":"d5019ee7-26c9-4f35-b70b-2489a77286e7","__parent":"debris","position":[-107.911362,4.84188938,79.2533798],"isRenderEnabled":false,"order_simset":684,"rotationMatrix":[0.981549323,-0.00966641773,0.190964654,-0.027011117,0.981696248,0.18852821,-0.189291686,-0.190207928,0.963322163],"shapeName":"/levels/derby/art/shapes/buildings/debris/debris_b_a.DAE","useInstanceRenderData":true}
{"class":"TSStatic","persistentId":"d602c1e9-5fb8-4da6-a6cf-3c6145a85992","__parent":"debris","position":[-15.1231585,27.2455387,79.1605377],"isRenderEnabled":false,"order_simset":685,"shapeName":"/levels/derby/art/shapes/buildings/industrial_clutters/ind_cardboards.DAE","useInstanceRenderData":true}
{"class":"TSStatic","persistentId":"d7c3a357-d824-43a8-bd5f-8e580e6e5fa8","__parent":"debris","position":[-106.402542,6.2689724,79.1550903],"isRenderEnabled":false,"order_simset":686,"rotationMatrix":[0.36685279,0.930279016,0,-0.930279016,0.36685279,0,0,0,1],"scale":[1.5,1.5,1.5],"shapeName":"/levels/derby/art/shapes/buildings/debris/medium_pile.DAE","useInstanceRenderData":true}
{"class":"TSStatic","persistentId":"df3fd558-b4e0-46ba-b712-1903cb5ecd3a","__parent":"debris","position":[30.797184,159.980988,79.0625381],"isRenderEnabled":false,"order_simset":687,"rotationMatrix":[-0.707106769,-0.707106769,0,0.707106769,-0.707106769,0,0,0,1],"scale":[1.5,1.5,1.5],"shapeName":"/levels/derby/art/shapes/buildings/debris/small_pile_d.DAE","useInstanceRenderData":true}
{"class":"TSStatic","persistentId":"e3b0ed16-7544-4e19-ae06-8445d62b9f0b","__parent":"debris","position":[-92.4754868,-58.6409531,79.3594666],"isRenderEnabled":false,"order_simset":688,"rotationMatrix":[0.98951596,0,-0.144423619,0,1,0,0.144423619,0,0.98951596],"scale":[1.5,1.5,1.5],"shapeName":"/levels/derby/art/shapes/buildings/debris/big_pile.DAE","useInstanceRenderData":true}
{"class":"TSStatic","persistentId":"e3cc6b2d-f9ae-4744-b509-1b02aa478bdf","__parent":"debris","position":[-108.156799,5.96589947,79.2604294],"isRenderEnabled":false,"order_simset":689,"shapeName":"/levels/derby/art/shapes/buildings/debris/debris_b_angle.DAE","useInstanceRenderData":true}
{"class":"TSStatic","persistentId":"e948706e-e71a-4bba-9b1d-1e910442b42b","__parent":"debris","position":[-94.6253128,-59.3275032,79.2524796],"isRenderEnabled":false,"order_simset":690,"rotationMatrix":[1,0,0,0,0.982461274,0.186466753,0,-0.186466753,0.982461274],"scale":[1.5,1.5,1.5],"shapeName":"/levels/derby/art/shapes/buildings/debris/medium_pile.DAE","useInstanceRenderData":true}
{"class":"TSStatic","persistentId":"efb654e2-ee87-4da6-8de6-280eb105d07e","__parent":"debris","position":[-15.7759943,25.8468819,79.1605377],"isRenderEnabled":false,"order_simset":691,"rotationMatrix":[-0.998824716,0.0484685786,0,-0.0484685786,-0.998824716,0,0,0,1],"shapeName":"/levels/derby/art/shapes/buildings/industrial_clutters/ind_dumpster_empty.DAE","useInstanceRenderData":true}
{"class":"TSStatic","persistentId":"f2c7b4f4-06eb-4d3b-bf04-f9ec17dc0b53","__parent":"debris","position":[31.9292316,161.432953,79.0685654],"isRenderEnabled":false,"order_simset":692,"scale":[1.5,1.5,1.5],"shapeName":"/levels/derby/art/shapes/buildings/debris/small_pile_c.DAE","useInstanceRenderData":true}
