{"name":"pit_closed_doors","class":"SimGroup","persistentId":"03724ca6-20bb-4c65-a0e0-ecb34143c865","__parent":"Statics","order_simset":289}
{"name":"pit_alt_doors","class":"SimGroup","persistentId":"2f5cf371-707f-411d-b233-01d75328d97c","__parent":"Statics","order_simset":293}
{"name":"clutters","class":"SimGroup","persistentId":"2f9f5bed-734c-4e4c-ac44-cb1288bdfdc1","__parent":"Statics","order_simset":300}
{"name":"bld_big_warehouse_1","class":"SimGroup","persistentId":"42621a5b-bfd2-4c3d-8fed-b0aa9be87d3d","__parent":"Statics","order_simset":619}
{"name":"debris","class":"SimGroup","persistentId":"44215412-5ec3-409e-ac65-aa2e14770b0f","__parent":"Statics","order_simset":639}
{"name":"pit_open_doors","class":"SimGroup","persistentId":"5109555b-2c45-4255-8a7d-b53e5c7b3a4b","__parent":"Statics","order_simset":693}
{"name":"bld_big_warehouse_2","class":"SimGroup","persistentId":"b943bc37-fb5c-4ee8-81a1-9c1141ebbe32","__parent":"Statics","order_simset":697}
{"class":"TSStatic","persistentId":"008acaf7-a021-424d-80eb-07deb3eebc03","__parent":"Statics","position":[142.264008,99.2104416,78.6865005],"allowPlayerStep":"1","isRenderEnabled":false,"order_simset":717,"rotationMatrix":[5.96046448e-08,1,0,-1,5.96046448e-08,0,0,0,1],"shapeName":"levels/derby/art/shapes/buildings/race_stands_01.dae"}
{"class":"TSStatic","persistentId":"0122b44d-e113-46b5-9fbd-ff7fdd7a962e","__parent":"Statics","position":[15.5163002,107.022003,79.0222015],"allowPlayerStep":"1","isRenderEnabled":false,"order_simset":718,"rotationMatrix":[-1,8.74227766e-08,0,-8.74227766e-08,-1,0,0,0,1],"shapeName":"levels/derby/art/shapes/misc/concrete_road_barrier_a.dae"}
{"class":"TSStatic","persistentId":"0298f835-3d39-4d40-8417-7bd6442abd34","__parent":"Statics","position":[-39.8824005,106.402,79.0565033],"allowPlayerStep":"1","isRenderEnabled":false,"order_simset":719,"shapeName":"levels/derby/art/shapes/buildings/ind_bld_02.dae"}
{"class":"TSStatic","persistentId":"030edbbf-5d97-44ee-a401-946418ccab98","__parent":"Statics","position":[156.990005,151.988998,79.0222015],"allowPlayerStep":"1","isRenderEnabled":false,"order_simset":720,"shapeName":"levels/derby/art/shapes/misc/concrete_road_barrier_a.dae"}
{"class":"TSStatic","persistentId":"04511243-3987-481b-8961-b91cc4aa0719","__parent":"Statics","position":[-82.4924011,51.6069984,79.2264023],"allowPlayerStep":"1","isRenderEnabled":false,"order_simset":721,"rotationMatrix":[0.998961568,-0.0455604531,0,0.0455604531,0.998961568,0,0,0,1],"shapeName":"levels/derby/art/shapes/buildings/ind_bld_tin_01_shed_b.dae"}
{"class":"TSStatic","persistentId":"048d5e05-8e33-458a-a7d6-34e5d98c368a","__parent":"Statics","position":[57.6861801,149.001678,79.0222015],"allowPlayerStep":"1","isRenderEnabled":false,"order_simset":891,"rotationMatrix":[0.707106471,-0.707107127,0,0.707107127,0.707106471,0,0,0,1],"scale":[0.75,1,1],"shapeName":"levels/derby/art/shapes/misc/concrete_road_barrier_a.dae"}
{"class":"TSStatic","persistentId":"06e8e4b5-1d7a-46d4-b26e-ada6970ed6b7","__parent":"Statics","position":[19.1863003,151.917007,79.0222015],"allowPlayerStep":"1","isRenderEnabled":false,"order_simset":722,"shapeName":"levels/derby/art/shapes/misc/concrete_road_barrier_a.dae"}
{"class":"TSStatic","persistentId":"07d81cbf-d883-4bb6-bc4c-3dc8f2e07bef","__parent":"Statics","position":[49.1016998,107.022003,79.0222015],"allowPlayerStep":"1","isRenderEnabled":false,"order_simset":723,"shapeName":"levels/derby/art/shapes/misc/concrete_road_barrier_a.dae"}
{"class":"TSStatic","persistentId":"07fd2c52-4de7-42d8-ad51-9bd95358c081","__parent":"Statics","position":[196.223007,120.135002,79.0222015],"allowPlayerStep":"1","isRenderEnabled":false,"order_simset":724,"rotationMatrix":[5.96046448e-08,1,0,-1,5.96046448e-08,0,0,0,1],"shapeName":"levels/derby/art/shapes/misc/concrete_road_barrier_a.dae"}
{"class":"TSStatic","persistentId":"0d1f6e29-56b8-45e8-89e0-6712b5120a38","__parent":"Statics","position":[46.3792763,163.591492,79.0276031],"allowPlayerStep":"1","isRenderEnabled":false,"order_simset":725,"rotationMatrix":[-1,8.74227766e-08,0,-8.74227766e-08,-1,0,0,0,1],"shapeName":"levels/derby/art/shapes/buildings/ind_bld_05.dae"}
{"class":"TSStatic","persistentId":"112e50d2-0d2d-4e8b-85a9-7a644d2ae573","__parent":"Statics","position":[-13.7559261,135.89061,79.0222015],"allowPlayerStep":"1","isRenderEnabled":false,"order_simset":872,"rotationMatrix":[1,3.85446015e-07,0,-3.85446015e-07,1,0,0,0,1],"shapeName":"levels/derby/art/shapes/misc/concrete_road_barrier_a.dae"}
{"class":"TSStatic","persistentId":"12f0cf96-f329-445f-9079-6dbf34af5fe8","__parent":"Statics","position":[151.328003,97.7335968,79.0222015],"allowPlayerStep":"1","isRenderEnabled":false,"order_simset":726,"rotationMatrix":[5.96046448e-08,1,0,-1,5.96046448e-08,0,0,0,1],"shapeName":"levels/derby/art/shapes/misc/concrete_road_barrier_a.dae"}
{"class":"TSStatic","persistentId":"13d98982-8e8a-471e-b02f-91e636acb9ed","__parent":"Statics","position":[194.504456,-25.8780499,81.8143463],"allowPlayerStep":"1","isRenderEnabled":false,"order_simset":727,"rotationMatrix":[5.96046448e-08,-1,0,1,5.96046448e-08,0,0,0,1],"shapeName":"levels/derby/art/shapes/misc/concrete_road_barrier_a.dae"}
{"class":"TSStatic","persistentId":"1688fb17-fa66-489b-ac9b-c683a3b5dd5a","__parent":"Statics","position":[15.5163002,151.917007,79.0222015],"allowPlayerStep":"1","isRenderEnabled":false,"order_simset":728,"rotationMatrix":[-1,8.74227766e-08,0,-8.74227766e-08,-1,0,0,0,1],"shapeName":"levels/derby/art/shapes/misc/concrete_road_barrier_a.dae"}
{"class":"TSStatic","persistentId":"1a803136-aa4a-4965-a113-74246202b765","__parent":"Statics","position":[196.223007,112.702003,79.0222015],"allowPlayerStep":"1","isRenderEnabled":false,"order_simset":729,"rotationMatrix":[5.96046448e-08,1,0,-1,5.96046448e-08,0,0,0,1],"shapeName":"levels/derby/art/shapes/misc/concrete_road_barrier_a.dae"}
{"class":"TSStatic","persistentId":"1adaf83c-723b-4d63-99c4-8a903a2ded34","__parent":"Statics","position":[-15.8225231,131.087891,79.0222015],"allowPlayerStep":"1","isRenderEnabled":false,"order_simset":877,"rotationMatrix":[5.96046448e-08,-1,0,1,5.96046448e-08,0,0,0,1],"shapeName":"levels/derby/art/shapes/misc/concrete_road_barrier_a.dae"}
{"class":"TSStatic","persistentId":"1bf9f564-d2d8-4617-b3a9-a174cd5152a1","__parent":"Statics","position":[222.761993,-221.647995,82.9356995],"allowPlayerStep":"1","isRenderEnabled":false,"order_simset":730,"rotationMatrix":[5.96046448e-08,-1,0,1,5.96046448e-08,0,0,0,1],"shapeName":"levels/derby/art/shapes/buildings/ind_bld_tin_01_a.dae"}
{"class":"TSStatic","persistentId":"1c55965c-a698-473e-bb99-20a18fcd93d1","__parent":"Statics","position":[151.328003,135.082001,79.0222015],"allowPlayerStep":"1","isRenderEnabled":false,"order_simset":731,"rotationMatrix":[5.96046448e-08,1,0,-1,5.96046448e-08,0,0,0,1],"shapeName":"levels/derby/art/shapes/misc/concrete_road_barrier_a.dae"}
{"class":"TSStatic","persistentId":"23a56c5d-effd-4513-9d0a-c4cd249dbe07","__parent":"Statics","position":[189.248001,167.391998,79.1064987],"allowPlayerStep":"1","isRenderEnabled":false,"order_simset":732,"shapeName":"levels/derby/art/shapes/buildings/ind_bld_tin_01_a.dae"}
{"class":"TSStatic","persistentId":"28dab93f-9485-4153-bb9c-9dcb6327031f","__parent":"Statics","position":[-13.8547201,122.977516,79.0222015],"allowPlayerStep":"1","isRenderEnabled":false,"order_simset":873,"rotationMatrix":[1,3.85446015e-07,0,-3.85446015e-07,1,0,0,0,1],"shapeName":"levels/derby/art/shapes/misc/concrete_road_barrier_a.dae"}
{"class":"TSStatic","persistentId":"2a97583c-9ce8-463b-8a06-1631063bfde2","__parent":"Statics","position":[65.4064484,127.780212,79.0222015],"allowPlayerStep":"1","isRenderEnabled":false,"order_simset":882,"rotationMatrix":[2.66236754e-07,1,0,-1,2.66236754e-07,0,0,0,1],"shapeName":"levels/derby/art/shapes/misc/concrete_road_barrier_a.dae"}
{"class":"TSStatic","persistentId":"2dac062d-a6d8-41c4-8430-0ea466b2838b","__parent":"Statics","position":[63.3398819,122.977493,79.0222015],"allowPlayerStep":"1","isRenderEnabled":false,"order_simset":884,"rotationMatrix":[-1,-5.96046164e-08,0,5.96046164e-08,-1,0,0,0,1],"shapeName":"levels/derby/art/shapes/misc/concrete_road_barrier_a.dae"}
{"class":"TSStatic","persistentId":"2e57b9b7-f242-4db1-b5d8-7b7f9695626b","__parent":"Statics","position":[65.4064484,124.32016,79.0222015],"allowPlayerStep":"1","isRenderEnabled":false,"order_simset":883,"rotationMatrix":[2.66236754e-07,1,0,-1,2.66236754e-07,0,0,0,1],"shapeName":"levels/derby/art/shapes/misc/concrete_road_barrier_a.dae"}
{"class":"TSStatic","persistentId":"2eeacf36-3034-4876-99b9-197f462048ed","__parent":"Statics","position":[37.9174004,151.917007,79.0222015],"allowPlayerStep":"1","isRenderEnabled":false,"order_simset":733,"rotationMatrix":[-1,8.74227766e-08,0,-8.74227766e-08,-1,0,0,0,1],"shapeName":"levels/derby/art/shapes/misc/concrete_road_barrier_a.dae"}
{"class":"TSStatic","persistentId":"2f1558ac-6f6c-4818-9bac-e81c5bb64e7d","__parent":"Statics","position":[196.223007,142.453995,79.0222015],"allowPlayerStep":"1","isRenderEnabled":false,"order_simset":734,"rotationMatrix":[5.96046448e-08,1,0,-1,5.96046448e-08,0,0,0,1],"shapeName":"levels/derby/art/shapes/misc/concrete_road_barrier_a.dae"}
{"class":"TSStatic","persistentId":"2f1f0404-7a75-4304-844a-22a4494be694","__parent":"Statics","position":[196.223007,138.783997,79.0222015],"allowPlayerStep":"1","isRenderEnabled":false,"order_simset":735,"rotationMatrix":[5.96046448e-08,-1,0,1,5.96046448e-08,0,0,0,1],"shapeName":"levels/derby/art/shapes/misc/concrete_road_barrier_a.dae"}
{"class":"TSStatic","persistentId":"2f3e9aa5-2287-4b85-9553-6a49c480bc04","__parent":"Statics","position":[-3.05167007,151.917007,79.0222015],"allowPlayerStep":"1","isRenderEnabled":false,"order_simset":736,"shapeName":"levels/derby/art/shapes/misc/concrete_road_barrier_a.dae"}
{"class":"TSStatic","persistentId":"2f7e77fd-1492-430f-b1a6-7240a7babf96","__parent":"Statics","position":[151.328003,105.248001,79.0222015],"allowPlayerStep":"1","isRenderEnabled":false,"order_simset":737,"rotationMatrix":[5.96046448e-08,1,0,-1,5.96046448e-08,0,0,0,1],"shapeName":"levels/derby/art/shapes/misc/concrete_road_barrier_a.dae"}
{"class":"TSStatic","persistentId":"3223703a-a2ca-41d6-b5e2-a17a2d419150","__parent":"Statics","position":[62.3853989,-28.1746006,80.3025894],"allowPlayerStep":"1","isRenderEnabled":false,"order_simset":738,"shapeName":"levels/derby/art/shapes/buildings/ind_bld_tin_01_a.dae"}
{"class":"TSStatic","persistentId":"33e8db29-e131-49d4-962b-3b645da88281","__parent":"Statics","position":[153.320007,151.988998,79.0222015],"allowPlayerStep":"1","isRenderEnabled":false,"order_simset":739,"rotationMatrix":[-1,8.74227766e-08,0,-8.74227766e-08,-1,0,0,0,1],"shapeName":"levels/derby/art/shapes/misc/concrete_road_barrier_a.dae"}
{"class":"TSStatic","persistentId":"36ee6b47-62d4-4dd3-9cc9-bf5431c0cc79","__parent":"Statics","position":[152.531799,84.5033951,78.9581985],"allowPlayerStep":"1","isRenderEnabled":false,"order_simset":740,"rotationMatrix":[-1,8.74227766e-08,0,-8.74227766e-08,-1,0,0,0,1],"shapeName":"levels/derby/art/shapes/misc/concrete_road_barrier_a.dae"}
{"class":"TSStatic","persistentId":"38468850-aeff-4c77-bb8a-0662f13638b8","__parent":"Statics","position":[-57.7938843,-80.3009262,79.1298141],"isRenderEnabled":false,"order_simset":741,"shapeName":"/levels/derby/art/shapes/buildings/modular_container/modular_01.dae","useInstanceRenderData":true}
{"class":"TSStatic","persistentId":"387d3843-50eb-43a7-8203-f34730f1387c","__parent":"Statics","position":[45.4318008,151.917007,79.0222015],"allowPlayerStep":"1","isRenderEnabled":false,"order_simset":742,"rotationMatrix":[-1,8.74227766e-08,0,-8.74227766e-08,-1,0,0,0,1],"shapeName":"levels/derby/art/shapes/misc/concrete_road_barrier_a.dae"}
{"class":"TSStatic","persistentId":"38981858-5209-4e0d-8a84-9af56531a50b","__parent":"Statics","position":[178.531799,84.5033951,78.9581985],"allowPlayerStep":"1","isRenderEnabled":false,"order_simset":743,"shapeName":"levels/derby/art/shapes/misc/concrete_road_barrier_a.dae"}
{"class":"TSStatic","persistentId":"3a151e0d-4039-4acc-85d7-a66344b9d200","__parent":"Statics","position":[158.561996,-198.248993,57.8811989],"allowPlayerStep":"1","isRenderEnabled":false,"order_simset":744,"shapeName":"levels/derby/art/shapes/buildings/ind_derbyarena_01a.dae"}
{"class":"TSStatic","persistentId":"3abbda32-ef41-400b-a643-ed89cf59c3e2","__parent":"Statics","position":[-16.7091217,222.748627,79.4341278],"allowPlayerStep":"1","isRenderEnabled":false,"order_simset":745,"rotationMatrix":[0.88680464,-0.462144464,0,0.462144464,0.88680464,0,0,0,1],"shapeName":"levels/derby/art/shapes/misc/concrete_road_barrier_a.dae"}
{"class":"TSStatic","persistentId":"3dd8226d-025d-4af8-bf90-0abd417ba5bc","__parent":"Statics","position":[151.328003,127.649002,79.0222015],"allowPlayerStep":"1","isRenderEnabled":false,"order_simset":746,"rotationMatrix":[5.96046448e-08,1,0,-1,5.96046448e-08,0,0,0,1],"shapeName":"levels/derby/art/shapes/misc/concrete_road_barrier_a.dae"}
{"class":"TSStatic","persistentId":"3e7b78c6-6bf5-49f7-a4f3-04383c3a327c","__parent":"Statics","position":[174.531799,84.5033951,78.9581985],"allowPlayerStep":"1","isRenderEnabled":false,"order_simset":747,"rotationMatrix":[-1,8.74227766e-08,0,-8.74227766e-08,-1,0,0,0,1],"shapeName":"levels/derby/art/shapes/misc/concrete_road_barrier_a.dae"}
{"class":"TSStatic","persistentId":"3ec27c8e-6b9b-494c-a7c2-5ef11ac1052d","__parent":"Statics","position":[60.3172188,135.890594,79.0222015],"allowPlayerStep":"1","isRenderEnabled":false,"order_simset":878,"rotationMatrix":[-1,-5.96046164e-08,0,5.96046164e-08,-1,0,0,0,1],"shapeName":"levels/derby/art/shapes/misc/concrete_road_barrier_a.dae"}
{"class":"TSStatic","persistentId":"405e2af2-11fd-43e5-9050-36c35985435e","__parent":"Statics","position":[196.223007,94.0635986,79.0222015],"allowPlayerStep":"1","isRenderEnabled":false,"order_simset":748,"rotationMatrix":[5.96046448e-08,-1,0,1,5.96046448e-08,0,0,0,1],"shapeName":"levels/derby/art/shapes/misc/concrete_road_barrier_a.dae"}
{"class":"TSStatic","persistentId":"40d68bf7-976a-4875-b981-0000a0c53816","__parent":"Statics","position":[-8.82369041,112.683998,79.0222015],"allowPlayerStep":"1","isRenderEnabled":false,"order_simset":749,"rotationMatrix":[5.96046448e-08,1,0,-1,5.96046448e-08,0,0,0,1],"shapeName":"levels/derby/art/shapes/misc/concrete_road_barrier_a.dae"}
{"class":"TSStatic","persistentId":"4159a47a-f8bc-4ca2-87f4-20801d064aab","__parent":"Statics","position":[-15.8225231,124.338615,79.0222015],"allowPlayerStep":"1","isRenderEnabled":false,"order_simset":874,"rotationMatrix":[5.96046448e-08,-1,0,1,5.96046448e-08,0,0,0,1],"shapeName":"levels/derby/art/shapes/misc/concrete_road_barrier_a.dae"}
{"class":"TSStatic","persistentId":"415b19c7-7ec9-4f14-8777-47024447e141","__parent":"Statics","position":[-8.82369041,118.750595,79.0222015],"allowPlayerStep":"1","isRenderEnabled":false,"order_simset":750,"rotationMatrix":[5.96046448e-08,1,0,-1,5.96046448e-08,0,0,0,1],"shapeName":"levels/derby/art/shapes/misc/concrete_road_barrier_a.dae"}
{"class":"TSStatic","persistentId":"425db778-7036-4821-bf2d-381a0d2f92ee","__parent":"Statics","position":[146.354004,75.2474976,78.9419022],"allowPlayerStep":"1","isRenderEnabled":false,"order_simset":751,"shapeName":"levels/derby/art/shapes/buildings/ind_bld_06.dae"}
{"class":"TSStatic","persistentId":"42d3688d-6621-4510-a4d7-82019ea1e826","__parent":"Statics","position":[151.328003,138.783997,79.0222015],"allowPlayerStep":"1","isRenderEnabled":false,"order_simset":752,"rotationMatrix":[5.96046448e-08,-1,0,1,5.96046448e-08,0,0,0,1],"shapeName":"levels/derby/art/shapes/misc/concrete_road_barrier_a.dae"}
{"class":"TSStatic","persistentId":"438a8905-31a6-4966-b02c-aedc623ac6e6","__parent":"Statics","position":[11.7532997,151.917007,79.0222015],"allowPlayerStep":"1","isRenderEnabled":false,"order_simset":753,"shapeName":"levels/derby/art/shapes/misc/concrete_road_barrier_a.dae"}
{"class":"TSStatic","persistentId":"43c50a58-61b1-4062-97d3-d592fdc0660c","__parent":"Statics","position":[103.869003,98.7893982,80.1111984],"allowPlayerStep":"1","isRenderEnabled":false,"order_simset":754,"rotationMatrix":[5.96046448e-08,1,0,-1,5.96046448e-08,0,0,0,1],"shapeName":"levels/derby/art/shapes/buildings/ind_bld_06.dae"}
{"class":"TSStatic","persistentId":"4513bf81-a9c9-4752-9f1a-e49fc9a27959","__parent":"Statics","position":[-15.8225231,127.676666,79.0222015],"allowPlayerStep":"1","isRenderEnabled":false,"order_simset":876,"rotationMatrix":[5.96046448e-08,-1,0,1,5.96046448e-08,0,0,0,1],"shapeName":"levels/derby/art/shapes/misc/concrete_road_barrier_a.dae"}
{"class":"TSStatic","persistentId":"46c90eeb-1fe3-4f62-a744-d68a2f576efa","__parent":"Statics","position":[34.1334,107.022003,79.0222015],"allowPlayerStep":"1","isRenderEnabled":false,"order_simset":755,"shapeName":"levels/derby/art/shapes/misc/concrete_road_barrier_a.dae"}
{"class":"TSStatic","persistentId":"47c5799c-63d0-490e-bc25-195eb0d6bd92","__parent":"Statics","position":[58.6696014,140.104034,79.0222015],"allowPlayerStep":"1","isRenderEnabled":false,"order_simset":756,"rotationMatrix":[5.96046448e-08,-1,0,1,5.96046448e-08,0,0,0,1],"shapeName":"levels/derby/art/shapes/misc/concrete_road_barrier_a.dae"}
{"class":"TSStatic","persistentId":"4961750e-b016-40b1-bd90-2bed9a28c5db","__parent":"Statics","position":[194.175003,151.988998,79.0222015],"allowPlayerStep":"1","isRenderEnabled":false,"order_simset":757,"shapeName":"levels/derby/art/shapes/misc/concrete_road_barrier_a.dae"}
{"class":"TSStatic","persistentId":"4979a655-4ec3-4664-8e87-4e7089ad1af3","__parent":"Statics","position":[58.6696014,137.070862,79.0222015],"allowPlayerStep":"1","isRenderEnabled":false,"order_simset":758,"rotationMatrix":[5.96046448e-08,1,0,-1,5.96046448e-08,0,0,0,1],"shapeName":"levels/derby/art/shapes/misc/concrete_road_barrier_a.dae"}
{"class":"TSStatic","persistentId":"49d357f7-bb19-4298-aa72-3807f5ec0b3a","__parent":"Statics","position":[194.175003,84.4957962,79.0222015],"allowPlayerStep":"1","isRenderEnabled":false,"order_simset":759,"shapeName":"levels/derby/art/shapes/misc/concrete_road_barrier_a.dae"}
{"class":"TSStatic","persistentId":"4bd56953-cabc-47ab-9dff-7d4f27bf4c77","__parent":"Statics","position":[196.223007,105.248001,79.0222015],"allowPlayerStep":"1","isRenderEnabled":false,"order_simset":760,"rotationMatrix":[5.96046448e-08,1,0,-1,5.96046448e-08,0,0,0,1],"shapeName":"levels/derby/art/shapes/misc/concrete_road_barrier_a.dae"}
{"class":"TSStatic","persistentId":"50e6faba-10f9-4eaf-a9a9-a731833a6d7a","__parent":"Statics","position":[-11.5397997,174.815002,78.9357986],"allowPlayerStep":"1","isRenderEnabled":false,"order_simset":761,"rotationMatrix":[5.96046448e-08,-1,0,1,5.96046448e-08,0,0,0,1],"shapeName":"levels/derby/art/shapes/buildings/ind_bld_06.dae"}
{"class":"TSStatic","persistentId":"53e78772-8cad-4bdd-baa2-10f10873135c","__parent":"Statics","position":[167.081207,84.5033951,78.9581985],"allowPlayerStep":"1","isRenderEnabled":false,"order_simset":762,"rotationMatrix":[-1,8.74227766e-08,0,-8.74227766e-08,-1,0,0,0,1],"shapeName":"levels/derby/art/shapes/misc/concrete_road_barrier_a.dae"}
{"class":"TSStatic","persistentId":"54f0bf50-9261-4078-9cb0-97b774e5fb2f","__parent":"Statics","position":[86.453598,-170.289993,83.2587967],"allowPlayerStep":"1","isRenderEnabled":false,"order_simset":763,"shapeName":"levels/derby/art/shapes/buildings/ind_bld_08.dae"}
{"class":"TSStatic","persistentId":"5646892c-2670-42aa-ba46-9b04474c1c86","__parent":"Statics","position":[171.794998,151.988998,79.0222015],"allowPlayerStep":"1","isRenderEnabled":false,"order_simset":764,"shapeName":"levels/derby/art/shapes/misc/concrete_road_barrier_a.dae"}
{"class":"TSStatic","persistentId":"58c0ea23-01f5-409a-8cb5-62bb55e92e87","__parent":"Statics","position":[-24.5653,137.425003,79.1865234],"allowPlayerStep":"1","isRenderEnabled":false,"order_simset":765,"shapeName":"levels/derby/art/shapes/buildings/ind_bld_08.dae"}
{"class":"TSStatic","persistentId":"59d8136e-761d-403c-8dd4-353abe3bf4c1","__parent":"Statics","position":[151.328003,112.702003,79.0222015],"allowPlayerStep":"1","isRenderEnabled":false,"order_simset":766,"rotationMatrix":[5.96046448e-08,1,0,-1,5.96046448e-08,0,0,0,1],"shapeName":"levels/derby/art/shapes/misc/concrete_road_barrier_a.dae"}
{"class":"TSStatic","persistentId":"5abe5cf8-bd4f-48e8-bc7c-fe2ad8750ca5","__parent":"Statics","position":[151.284363,120.010826,78.9575195],"allowPlayerStep":"1","isRenderEnabled":false,"order_simset":767,"rotationMatrix":[5.96046448e-08,1,0,-1,5.96046448e-08,0,0,0,1],"shapeName":"levels/derby/art/shapes/misc/concrete_road_barrier_a.dae"}
{"class":"TSStatic","persistentId":"5b676224-ffe1-41b0-aff8-7be09c958b0f","__parent":"Statics","position":[55.8443413,108.019302,79.0222015],"allowPlayerStep":"1","isRenderEnabled":false,"order_simset":893,"rotationMatrix":[0.707106888,0.707106709,0,-0.707106709,0.707106888,0,0,0,1],"scale":[0.75,1,1],"shapeName":"levels/derby/art/shapes/misc/concrete_road_barrier_a.dae"}
{"class":"TSStatic","persistentId":"5d507280-d48d-4d99-8e65-9f2cdf1f841a","__parent":"Statics","position":[207.294998,105.949997,79.1246033],"allowPlayerStep":"1","isRenderEnabled":false,"order_simset":768,"shapeName":"levels/derby/art/shapes/buildings/ind_bld_08.dae"}
{"class":"TSStatic","persistentId":"5e486e3f-26ba-4372-bf1a-7155111ed302","__parent":"Statics","position":[172.729401,74.5600967,78.6865005],"allowPlayerStep":"1","isRenderEnabled":false,"order_simset":769,"rotationMatrix":[-1,8.74227766e-08,0,-8.74227766e-08,-1,0,0,0,1],"shapeName":"levels/derby/art/shapes/buildings/race_stands_01.dae"}
{"class":"TSStatic","persistentId":"5ef4cfc0-fd2f-45e7-9fff-9671c7b2d8f4","__parent":"Statics","position":[189.973907,84.5033951,78.9581985],"allowPlayerStep":"1","isRenderEnabled":false,"order_simset":770,"rotationMatrix":[-1,8.74227766e-08,0,-8.74227766e-08,-1,0,0,0,1],"shapeName":"levels/derby/art/shapes/misc/concrete_road_barrier_a.dae"}
{"class":"TSStatic","persistentId":"5f5607a6-00c9-4835-be69-b77392ab702d","__parent":"Statics","position":[30.4633007,107.022003,79.0222015],"allowPlayerStep":"1","isRenderEnabled":false,"order_simset":771,"rotationMatrix":[-1,8.74227766e-08,0,-8.74227766e-08,-1,0,0,0,1],"shapeName":"levels/derby/art/shapes/misc/concrete_road_barrier_a.dae"}
{"class":"TSStatic","persistentId":"60629a47-decb-4e54-955f-80d3aa4940ba","__parent":"Statics","position":[149.623993,-28.0098,82.514801],"allowPlayerStep":"1","isRenderEnabled":false,"order_simset":772,"shapeName":"levels/derby/art/shapes/misc/derby_wall_oval.DAE"}
{"class":"TSStatic","persistentId":"60f64914-b30c-4c79-b069-0af8c30af776","__parent":"Statics","position":[196.223007,97.7335968,79.0222015],"allowPlayerStep":"1","isRenderEnabled":false,"order_simset":773,"rotationMatrix":[5.96046448e-08,1,0,-1,5.96046448e-08,0,0,0,1],"shapeName":"levels/derby/art/shapes/misc/concrete_road_barrier_a.dae"}
{"class":"TSStatic","persistentId":"637bd911-15e2-4d00-b711-1cd1492c7594","__parent":"Statics","position":[16.6742001,164.735001,78.9357986],"allowPlayerStep":"1","isRenderEnabled":false,"order_simset":774,"shapeName":"levels/derby/art/shapes/buildings/ind_bld_06.dae"}
{"class":"TSStatic","persistentId":"63d781cc-8828-45c8-a82a-8f14ac96774f","__parent":"Statics","position":[58.6696014,121.875931,79.0222015],"allowPlayerStep":"1","isRenderEnabled":false,"order_simset":775,"rotationMatrix":[5.96046448e-08,-1,0,1,5.96046448e-08,0,0,0,1],"shapeName":"levels/derby/art/shapes/misc/concrete_road_barrier_a.dae"}
{"class":"TSStatic","persistentId":"649c5e46-57a6-456f-ba2c-3c47e8d84c7f","__parent":"Statics","position":[168.125,151.988998,79.0222015],"allowPlayerStep":"1","isRenderEnabled":false,"order_simset":776,"rotationMatrix":[-1,8.74227766e-08,0,-8.74227766e-08,-1,0,0,0,1],"shapeName":"levels/derby/art/shapes/misc/concrete_road_barrier_a.dae"}
{"class":"TSStatic","persistentId":"64d38834-45fc-4979-9cf7-93689d26b87f","__parent":"Statics","position":[151.328003,94.0635986,79.0222015],"allowPlayerStep":"1","isRenderEnabled":false,"order_simset":777,"rotationMatrix":[5.96046448e-08,-1,0,1,5.96046448e-08,0,0,0,1],"shapeName":"levels/derby/art/shapes/misc/concrete_road_barrier_a.dae"}
{"class":"TSStatic","persistentId":"659a5a0c-7562-47dd-8c7c-a388157b3d8c","__parent":"Statics","position":[159.888748,84.5033951,78.9581985],"allowPlayerStep":"1","isRenderEnabled":false,"order_simset":778,"rotationMatrix":[-1,8.74227766e-08,0,-8.74227766e-08,-1,0,0,0,1],"shapeName":"levels/derby/art/shapes/misc/concrete_road_barrier_a.dae"}
{"class":"TSStatic","persistentId":"66928301-96d6-4da5-83c2-6b4a3c948cd4","__parent":"Statics","position":[49.1016998,151.917007,79.0222015],"allowPlayerStep":"1","isRenderEnabled":false,"order_simset":779,"shapeName":"levels/derby/art/shapes/misc/concrete_road_barrier_a.dae"}
{"class":"TSStatic","persistentId":"69685454-6408-44b7-bdf5-9a1b3dcadfd3","__parent":"Statics","position":[196.223007,86.6306,79.0222015],"allowPlayerStep":"1","isRenderEnabled":false,"order_simset":780,"rotationMatrix":[5.96046448e-08,-1,0,1,5.96046448e-08,0,0,0,1],"shapeName":"levels/derby/art/shapes/misc/concrete_road_barrier_a.dae"}
{"class":"TSStatic","persistentId":"6a0d4131-e632-4f90-8a96-ee6dd712ff2a","__parent":"Statics","position":[158.561996,-198.248993,57.8811989],"allowPlayerStep":"1","isRenderEnabled":false,"order_simset":781,"shapeName":"levels/derby/art/shapes/buildings/ind_derbyarena_01a_outer.dae"}
{"class":"TSStatic","persistentId":"6af29b40-5a98-4c28-b643-e5cbd688ed19","__parent":"Statics","position":[185.858276,84.5033951,78.9581985],"allowPlayerStep":"1","isRenderEnabled":false,"order_simset":782,"shapeName":"levels/derby/art/shapes/misc/concrete_road_barrier_a.dae"}
{"class":"TSStatic","persistentId":"6b438c75-8196-4b9a-9a02-46d1685c35f3","__parent":"Statics","position":[196.223007,131.412003,79.0222015],"allowPlayerStep":"1","isRenderEnabled":false,"order_simset":783,"rotationMatrix":[5.96046448e-08,-1,0,1,5.96046448e-08,0,0,0,1],"shapeName":"levels/derby/art/shapes/misc/concrete_road_barrier_a.dae"}
{"class":"TSStatic","persistentId":"6c35283b-0460-4da6-9d44-f207bd441b70","__parent":"Statics","position":[57.7007561,109.846512,79.0222015],"allowPlayerStep":"1","isRenderEnabled":false,"order_simset":892,"rotationMatrix":[0.707106888,0.707106709,0,-0.707106709,0.707106888,0,0,0,1],"scale":[0.75,1,1],"shapeName":"levels/derby/art/shapes/misc/concrete_road_barrier_a.dae"}
{"class":"TSStatic","persistentId":"6ccb5645-f411-4225-80a9-d639e3041468","__parent":"Statics","position":[-10.9147234,-103.458885,79.0074539],"isRenderEnabled":false,"order_simset":784,"rotationMatrix":[-0.0985563844,0.995131552,0,-0.995131552,-0.0985563844,0,0,0,1],"shapeName":"/levels/derby/art/shapes/buildings/ind_bld_tin_01_shed.dae","useInstanceRenderData":true}
{"class":"TSStatic","persistentId":"6fa61e11-950e-49ea-a4e4-32dfbc388c19","__parent":"Statics","position":[151.328003,131.412003,79.0222015],"allowPlayerStep":"1","isRenderEnabled":false,"order_simset":785,"rotationMatrix":[5.96046448e-08,-1,0,1,5.96046448e-08,0,0,0,1],"shapeName":"levels/derby/art/shapes/misc/concrete_road_barrier_a.dae"}
{"class":"TSStatic","persistentId":"703aba86-329e-44d0-b584-ab8bfc857cde","__parent":"Statics","position":[26.7003994,107.022003,79.0222015],"allowPlayerStep":"1","isRenderEnabled":false,"order_simset":786,"shapeName":"levels/derby/art/shapes/misc/concrete_road_barrier_a.dae"}
{"class":"TSStatic","persistentId":"72b38198-4b90-450b-ab3f-cccc678944f6","__parent":"Statics","position":[-61.6590004,-70.1166,79.3026962],"allowPlayerStep":"1","isRenderEnabled":false,"order_simset":787,"shapeName":"levels/derby/art/shapes/buildings/ind_bld_06.dae"}
{"class":"TSStatic","persistentId":"757a5176-703d-46b3-820e-22e8eaa07374","__parent":"Statics","position":[45.3316002,48.0615997,81.7583542],"allowPlayerStep":"1","isRenderEnabled":false,"order_simset":788,"rotationMatrix":[5.96046448e-08,-1,0,1,5.96046448e-08,0,0,0,1],"shapeName":"levels/derby/art/shapes/buildings/ind_bld_04.dae"}
{"class":"TSStatic","persistentId":"7669e338-be47-4a9e-b63e-b3fb9203ab14","__parent":"Statics","position":[52.8647995,107.022003,79.0222015],"allowPlayerStep":"1","isRenderEnabled":false,"order_simset":789,"rotationMatrix":[-1,8.74227766e-08,0,-8.74227766e-08,-1,0,0,0,1],"shapeName":"levels/derby/art/shapes/misc/concrete_road_barrier_a.dae"}
{"class":"TSStatic","persistentId":"781bb83d-b666-44ed-b5d7-9a3ed0cadcb6","__parent":"Statics","position":[196.223007,123.978996,79.0222015],"allowPlayerStep":"1","isRenderEnabled":false,"order_simset":790,"rotationMatrix":[5.96046448e-08,-1,0,1,5.96046448e-08,0,0,0,1],"shapeName":"levels/derby/art/shapes/misc/concrete_road_barrier_a.dae"}
{"class":"TSStatic","persistentId":"79132592-074c-41f1-9a39-c6cc474832f0","__parent":"Statics","position":[65.3482971,161.761688,79.055397],"allowPlayerStep":"1","isRenderEnabled":false,"order_simset":791,"shapeName":"levels/derby/art/shapes/buildings/ind_bld_03.dae"}
{"class":"TSStatic","persistentId":"7e33d599-340d-40bd-a627-26d459c93343","__parent":"Statics","position":[163.531799,84.5033951,78.9581985],"allowPlayerStep":"1","isRenderEnabled":false,"order_simset":792,"shapeName":"levels/derby/art/shapes/misc/concrete_road_barrier_a.dae"}
{"class":"TSStatic","persistentId":"7fa84c6c-32c4-4d5f-b78c-f19881e992b2","__parent":"Statics","position":[58.6696014,143.148911,79.0222015],"allowPlayerStep":"1","isRenderEnabled":false,"order_simset":793,"rotationMatrix":[5.96046448e-08,1,0,-1,5.96046448e-08,0,0,0,1],"shapeName":"levels/derby/art/shapes/misc/concrete_road_barrier_a.dae"}
{"class":"TSStatic","persistentId":"7fcef285-4fe5-4599-b443-5b3477986283","__parent":"Statics","position":[-15.8225231,134.547943,79.0222015],"allowPlayerStep":"1","isRenderEnabled":false,"order_simset":875,"rotationMatrix":[5.96046448e-08,-1,0,1,5.96046448e-08,0,0,0,1],"shapeName":"levels/derby/art/shapes/misc/concrete_road_barrier_a.dae"}
{"class":"TSStatic","persistentId":"81cef25a-aa77-4696-89b0-27d1f46e1410","__parent":"Statics","position":[-10.7332592,135.89061,79.0222015],"allowPlayerStep":"1","isRenderEnabled":false,"order_simset":871,"rotationMatrix":[1,3.85446015e-07,0,-3.85446015e-07,1,0,0,0,1],"shapeName":"levels/derby/art/shapes/misc/concrete_road_barrier_a.dae"}
{"class":"TSStatic","persistentId":"81fa513f-c197-412b-b591-8045d365fc64","__parent":"Statics","position":[65.4064484,131.191437,79.0222015],"allowPlayerStep":"1","isRenderEnabled":false,"order_simset":881,"rotationMatrix":[2.66236754e-07,1,0,-1,2.66236754e-07,0,0,0,1],"shapeName":"levels/derby/art/shapes/misc/concrete_road_barrier_a.dae"}
{"class":"TSStatic","persistentId":"8302ca8f-60cf-43bf-83e2-598c417d8dd9","__parent":"Statics","position":[60.317215,122.977493,79.0222015],"allowPlayerStep":"1","isRenderEnabled":false,"order_simset":885,"rotationMatrix":[-1,-5.96046164e-08,0,5.96046164e-08,-1,0,0,0,1],"shapeName":"levels/derby/art/shapes/misc/concrete_road_barrier_a.dae"}
{"class":"TSStatic","persistentId":"832eec3e-0771-4223-b093-581d54b07ff7","__parent":"Statics","position":[137.205231,35.6726418,82.4672012],"allowPlayerStep":"1","isRenderEnabled":false,"order_simset":794,"rotationMatrix":[0.994497418,0.104765549,0,-0.104765549,0.994497418,0,0,0,1],"shapeName":"levels/derby/art/shapes/buildings/race_stands_01.dae"}
{"class":"TSStatic","persistentId":"84781cc8-bdf5-4cd8-a2c9-55b2e04351b2","__parent":"Statics","position":[-64.593895,-80.3009262,79.1298141],"isRenderEnabled":false,"order_simset":795,"shapeName":"/levels/derby/art/shapes/buildings/modular_container/modular_05.dae","useInstanceRenderData":true}
{"class":"TSStatic","persistentId":"85f4f07e-55ce-4013-9e18-13368c30ff2a","__parent":"Statics","position":[151.328003,90.3005981,79.0222015],"allowPlayerStep":"1","isRenderEnabled":false,"order_simset":796,"rotationMatrix":[5.96046448e-08,1,0,-1,5.96046448e-08,0,0,0,1],"shapeName":"levels/derby/art/shapes/misc/concrete_road_barrier_a.dae"}
{"class":"TSStatic","persistentId":"865255c4-b36d-4902-ad88-a09edbdb63c7","__parent":"Statics","position":[196.223007,109.031998,79.0222015],"allowPlayerStep":"1","isRenderEnabled":false,"order_simset":797,"rotationMatrix":[5.96046448e-08,-1,0,1,5.96046448e-08,0,0,0,1],"shapeName":"levels/derby/art/shapes/misc/concrete_road_barrier_a.dae"}
{"class":"TSStatic","persistentId":"866432f7-e766-4f0c-b690-a6f6e3d96e8b","__parent":"Statics","position":[190.505005,151.988998,79.0222015],"allowPlayerStep":"1","isRenderEnabled":false,"order_simset":798,"rotationMatrix":[-1,8.74227766e-08,0,-8.74227766e-08,-1,0,0,0,1],"shapeName":"levels/derby/art/shapes/misc/concrete_road_barrier_a.dae"}
{"class":"TSStatic","persistentId":"87335d8e-cc01-462d-81bd-799278ff3b9a","__parent":"Statics","position":[34.1155014,170.223999,80.0383987],"allowPlayerStep":"1","isRenderEnabled":false,"order_simset":799,"shapeName":"levels/derby/art/shapes/buildings/ind_bld_04.dae"}
{"class":"TSStatic","persistentId":"8a6547a4-6144-4604-bb83-510e514d4915","__parent":"Statics","position":[151.328003,142.453995,79.0222015],"allowPlayerStep":"1","isRenderEnabled":false,"order_simset":800,"rotationMatrix":[5.96046448e-08,1,0,-1,5.96046448e-08,0,0,0,1],"shapeName":"levels/derby/art/shapes/misc/concrete_road_barrier_a.dae"}
{"class":"TSStatic","persistentId":"8ab614c0-b7f9-4341-a5b8-f6abe07660d3","__parent":"Statics","position":[26.7003002,151.917007,79.0222015],"allowPlayerStep":"1","isRenderEnabled":false,"order_simset":801,"shapeName":"levels/derby/art/shapes/misc/concrete_road_barrier_a.dae"}
{"class":"TSStatic","persistentId":"8b6f2a83-5e7f-42b2-95e9-3ea670e77ade","__parent":"Statics","position":[179.227997,151.988998,79.0222015],"allowPlayerStep":"1","isRenderEnabled":false,"order_simset":802,"shapeName":"levels/derby/art/shapes/misc/concrete_road_barrier_a.dae"}
{"class":"TSStatic","persistentId":"8d81c5b2-a5fb-4de5-bc64-db3767387067","__parent":"Statics","position":[73.5505676,120.695,79.1100693],"allowPlayerStep":"1","isRenderEnabled":false,"order_simset":803,"shapeName":"levels/derby/art/shapes/buildings/ind_bld_08.dae"}
{"class":"TSStatic","persistentId":"8f911569-0d59-4fc6-8121-f7181b0ee274","__parent":"Statics","position":[125.816002,-268.968994,82.835701],"allowPlayerStep":"1","isRenderEnabled":false,"order_simset":804,"shapeName":"levels/derby/art/shapes/buildings/ind_bld_06.dae"}
{"class":"TSStatic","persistentId":"922254f2-6371-49c2-a06d-0329ae80350a","__parent":"Statics","position":[34.1334,151.917007,79.0222015],"allowPlayerStep":"1","isRenderEnabled":false,"order_simset":805,"shapeName":"levels/derby/art/shapes/misc/concrete_road_barrier_a.dae"}
{"class":"TSStatic","persistentId":"92c3c901-49e7-4268-81c4-c62498eee207","__parent":"Statics","position":[160.753006,151.988998,79.0222015],"allowPlayerStep":"1","isRenderEnabled":false,"order_simset":806,"rotationMatrix":[-1,8.74227766e-08,0,-8.74227766e-08,-1,0,0,0,1],"shapeName":"levels/derby/art/shapes/misc/concrete_road_barrier_a.dae"}
{"class":"TSStatic","persistentId":"94a9e058-40a3-4000-84b1-53604ee5e5e4","__parent":"Statics","position":[41.5873985,151.917007,79.0222015],"allowPlayerStep":"1","isRenderEnabled":false,"order_simset":807,"shapeName":"levels/derby/art/shapes/misc/concrete_road_barrier_a.dae"}
{"class":"TSStatic","persistentId":"95d05131-80fd-4aa0-9e36-f032dc8860fc","__parent":"Statics","position":[151.328003,149.886993,79.0222015],"allowPlayerStep":"1","isRenderEnabled":false,"order_simset":808,"rotationMatrix":[5.96046448e-08,1,0,-1,5.96046448e-08,0,0,0,1],"shapeName":"levels/derby/art/shapes/misc/concrete_road_barrier_a.dae"}
{"class":"TSStatic","persistentId":"965c621a-1d8c-4e31-9cb9-5da341e60e39","__parent":"Statics","position":[196.223007,116.464996,79.0222015],"allowPlayerStep":"1","isRenderEnabled":false,"order_simset":809,"rotationMatrix":[5.96046448e-08,-1,0,1,5.96046448e-08,0,0,0,1],"shapeName":"levels/derby/art/shapes/misc/concrete_road_barrier_a.dae"}
{"class":"TSStatic","persistentId":"99b82caf-1d06-40fd-a9c8-efad12e73e4c","__parent":"Statics","position":[151.328003,123.978996,79.0222015],"allowPlayerStep":"1","isRenderEnabled":false,"order_simset":810,"rotationMatrix":[5.96046448e-08,-1,0,1,5.96046448e-08,0,0,0,1],"shapeName":"levels/derby/art/shapes/misc/concrete_road_barrier_a.dae"}
{"class":"TSStatic","persistentId":"99b999d2-70eb-4762-9097-05f9cfb52913","__parent":"Statics","position":[4.38132,151.917007,79.0222015],"allowPlayerStep":"1","isRenderEnabled":false,"order_simset":811,"shapeName":"levels/derby/art/shapes/misc/concrete_road_barrier_a.dae"}
{"class":"TSStatic","persistentId":"9a599116-3884-4b34-96a9-cd8d2e7b0f9b","__parent":"Statics","position":[45.4318008,107.022003,79.0222015],"allowPlayerStep":"1","isRenderEnabled":false,"order_simset":812,"rotationMatrix":[-1,8.74227766e-08,0,-8.74227766e-08,-1,0,0,0,1],"shapeName":"levels/derby/art/shapes/misc/concrete_road_barrier_a.dae"}
{"class":"TSStatic","persistentId":"9af67965-0a80-4c04-8947-2a2a0e4d2d57","__parent":"Statics","position":[142.264008,137.15538,78.6865005],"allowPlayerStep":"1","isRenderEnabled":false,"order_simset":813,"rotationMatrix":[5.96046448e-08,1,0,-1,5.96046448e-08,0,0,0,1],"shapeName":"levels/derby/art/shapes/buildings/race_stands_01.dae"}
{"class":"TSStatic","persistentId":"9c29648a-45ba-4e8c-b7d2-44429997eed3","__parent":"Statics","position":[0.711310983,107.022003,79.0222015],"allowPlayerStep":"1","isRenderEnabled":false,"order_simset":814,"rotationMatrix":[-1,8.74227766e-08,0,-8.74227766e-08,-1,0,0,0,1],"shapeName":"levels/derby/art/shapes/misc/concrete_road_barrier_a.dae"}
{"class":"TSStatic","persistentId":"9cd2bd6e-5635-4ffd-b693-97b06cfa59c0","__parent":"Statics","position":[19.1863995,107.022003,79.0222015],"allowPlayerStep":"1","isRenderEnabled":false,"order_simset":815,"shapeName":"levels/derby/art/shapes/misc/concrete_road_barrier_a.dae"}
{"class":"TSStatic","persistentId":"9e040cc5-cb48-4a7f-8be0-d61abee8ad62","__parent":"Statics","position":[164.423004,151.988998,79.0222015],"allowPlayerStep":"1","isRenderEnabled":false,"order_simset":816,"shapeName":"levels/derby/art/shapes/misc/concrete_road_barrier_a.dae"}
{"class":"TSStatic","persistentId":"9e3b817d-a30b-4d0d-aa35-1aec6d2d43bd","__parent":"Statics","position":[23.0303001,151.917007,79.0222015],"allowPlayerStep":"1","isRenderEnabled":false,"order_simset":817,"rotationMatrix":[-1,8.74227766e-08,0,-8.74227766e-08,-1,0,0,0,1],"shapeName":"levels/derby/art/shapes/misc/concrete_road_barrier_a.dae"}
{"class":"TSStatic","persistentId":"9e4b562d-702c-4719-9759-836e8689d611","__parent":"Statics","position":[65.4064484,134.52948,79.0222015],"allowPlayerStep":"1","isRenderEnabled":false,"order_simset":880,"rotationMatrix":[2.66236754e-07,1,0,-1,2.66236754e-07,0,0,0,1],"shapeName":"levels/derby/art/shapes/misc/concrete_road_barrier_a.dae"}
{"class":"TSStatic","persistentId":"9f248a99-6cd9-4038-bc81-db5d44a110ef","__parent":"Statics","position":[-7.79073858,149.030869,79.0222015],"allowPlayerStep":"1","isRenderEnabled":false,"order_simset":888,"rotationMatrix":[-0.70710665,-0.707106948,0,0.707106948,-0.70710665,0,0,0,1],"scale":[0.75,1,1],"shapeName":"levels/derby/art/shapes/misc/concrete_road_barrier_a.dae"}
{"class":"TSStatic","persistentId":"a16a0ca9-86ac-42b0-8c75-5d0bd534b449","__parent":"Statics","position":[196.223007,146.216995,79.0222015],"allowPlayerStep":"1","isRenderEnabled":false,"order_simset":818,"rotationMatrix":[5.96046448e-08,-1,0,1,5.96046448e-08,0,0,0,1],"shapeName":"levels/derby/art/shapes/misc/concrete_road_barrier_a.dae"}
{"class":"TSStatic","persistentId":"a1dba6dd-27cc-433e-a98f-4ad3afb3d7a8","__parent":"Statics","position":[-8.82369041,140.103867,79.0222015],"allowPlayerStep":"1","isRenderEnabled":false,"order_simset":819,"rotationMatrix":[5.96046448e-08,1,0,-1,5.96046448e-08,0,0,0,1],"shapeName":"levels/derby/art/shapes/misc/concrete_road_barrier_a.dae"}
{"class":"TSStatic","persistentId":"a269c26a-c8fe-4984-bc99-86d4456d5bf8","__parent":"Statics","position":[-150.279007,-5.00741005,79.0161972],"allowPlayerStep":"1","isRenderEnabled":false,"order_simset":820,"rotationMatrix":[-1,8.74227766e-08,0,-8.74227766e-08,-1,0,0,0,1],"shapeName":"levels/derby/art/shapes/buildings/ind_bld_07.dae"}
{"class":"TSStatic","persistentId":"a2dc64da-bfaf-4fd9-92c1-63c33d787616","__parent":"Statics","position":[8.08331013,107.022003,79.0222015],"allowPlayerStep":"1","isRenderEnabled":false,"order_simset":821,"rotationMatrix":[-1,8.74227766e-08,0,-8.74227766e-08,-1,0,0,0,1],"shapeName":"levels/derby/art/shapes/misc/concrete_road_barrier_a.dae"}
{"class":"TSStatic","persistentId":"a3446b34-ae47-4353-9d1e-2e00e617b650","__parent":"Statics","position":[8.08331013,151.917007,79.0222015],"allowPlayerStep":"1","isRenderEnabled":false,"order_simset":822,"rotationMatrix":[-1,8.74227766e-08,0,-8.74227766e-08,-1,0,0,0,1],"shapeName":"levels/derby/art/shapes/misc/concrete_road_barrier_a.dae"}
{"class":"TSStatic","persistentId":"a41b7ef6-45f8-4a25-b350-c706b7402875","__parent":"Statics","position":[151.328003,146.216995,79.0222015],"allowPlayerStep":"1","isRenderEnabled":false,"order_simset":823,"rotationMatrix":[5.96046448e-08,-1,0,1,5.96046448e-08,0,0,0,1],"shapeName":"levels/derby/art/shapes/misc/concrete_road_barrier_a.dae"}
{"class":"TSStatic","persistentId":"aa7d38cf-d457-4e9e-bc8f-9cd50cef4386","__parent":"Statics","position":[11.7532997,107.022003,79.0222015],"allowPlayerStep":"1","isRenderEnabled":false,"order_simset":824,"shapeName":"levels/derby/art/shapes/misc/concrete_road_barrier_a.dae"}
{"class":"TSStatic","persistentId":"ab13ef0c-c27c-427b-8445-9e0aa90da0c7","__parent":"Statics","position":[194.504456,-33.3920288,81.8143463],"allowPlayerStep":"1","isRenderEnabled":false,"order_simset":825,"rotationMatrix":[5.96046448e-08,-1,0,1,5.96046448e-08,0,0,0,1],"shapeName":"levels/derby/art/shapes/misc/concrete_road_barrier_a.dae"}
{"class":"TSStatic","persistentId":"b02f8266-98bb-4bd4-854f-fb81bda5fd09","__parent":"Statics","position":[182.136017,84.5033951,78.9581985],"allowPlayerStep":"1","isRenderEnabled":false,"order_simset":826,"rotationMatrix":[-1,8.74227766e-08,0,-8.74227766e-08,-1,0,0,0,1],"shapeName":"levels/derby/art/shapes/misc/concrete_road_barrier_a.dae"}
{"class":"TSStatic","persistentId":"b11a4073-0faa-4e66-aca3-bd5025cc76d8","__parent":"Statics","position":[151.284363,116.340828,78.9575195],"allowPlayerStep":"1","isRenderEnabled":false,"order_simset":827,"rotationMatrix":[5.96046448e-08,-1,0,1,5.96046448e-08,0,0,0,1],"shapeName":"levels/derby/art/shapes/misc/concrete_road_barrier_a.dae"}
{"class":"TSStatic","persistentId":"b30c5f27-53c5-4b4b-b909-77b27001f0ca","__parent":"Statics","position":[-145.656006,-49.9189987,79.0565033],"allowPlayerStep":"1","isRenderEnabled":false,"order_simset":828,"rotationMatrix":[5.96046448e-08,-1,0,1,5.96046448e-08,0,0,0,1],"shapeName":"levels/derby/art/shapes/buildings/ind_bld_02.dae"}
{"class":"TSStatic","persistentId":"b3d72fa0-2f74-48b2-879e-ac469cdc79d2","__parent":"Statics","position":[170.745056,84.5033951,78.9581985],"allowPlayerStep":"1","isRenderEnabled":false,"order_simset":829,"shapeName":"levels/derby/art/shapes/misc/concrete_road_barrier_a.dae"}
{"class":"TSStatic","persistentId":"b566a2ff-0cc8-44fd-816e-0410c8ca705c","__parent":"Statics","position":[183.072006,151.988998,79.0222015],"allowPlayerStep":"1","isRenderEnabled":false,"order_simset":830,"rotationMatrix":[-1,8.74227766e-08,0,-8.74227766e-08,-1,0,0,0,1],"shapeName":"levels/derby/art/shapes/misc/concrete_road_barrier_a.dae"}
{"class":"TSStatic","persistentId":"b5e0e60a-51d6-49e9-be5e-2c0b9236d8b5","__parent":"Statics","position":[4.38129997,107.022003,79.0222015],"allowPlayerStep":"1","isRenderEnabled":false,"order_simset":831,"shapeName":"levels/derby/art/shapes/misc/concrete_road_barrier_a.dae"}
{"class":"TSStatic","persistentId":"b843f7a1-2e01-41c3-a4d6-51c483ace413","__parent":"Statics","position":[-5.93432474,150.858078,79.0222015],"allowPlayerStep":"1","isRenderEnabled":false,"order_simset":889,"rotationMatrix":[-0.70710665,-0.707106948,0,0.707106948,-0.70710665,0,0,0,1],"scale":[0.75,1,1],"shapeName":"levels/derby/art/shapes/misc/concrete_road_barrier_a.dae"}
{"class":"TSStatic","persistentId":"b8459460-5aea-4cfc-bb91-9ef9acaedf36","__parent":"Statics","position":[-3.05167007,107.022003,79.0222015],"allowPlayerStep":"1","isRenderEnabled":false,"order_simset":832,"shapeName":"levels/derby/art/shapes/misc/concrete_road_barrier_a.dae"}
{"class":"TSStatic","persistentId":"b8da6f9c-646f-4de2-953c-2b70ccd04af8","__parent":"Statics","position":[-61.1938858,-80.3009262,79.1298141],"isRenderEnabled":false,"order_simset":833,"shapeName":"/levels/derby/art/shapes/buildings/modular_container/modular_02.dae","useInstanceRenderData":true}
{"class":"TSStatic","persistentId":"b9f5ef0c-206b-405d-9978-6aeaef8db4a4","__parent":"Statics","position":[58.6696014,146.199005,79.0222015],"allowPlayerStep":"1","isRenderEnabled":false,"order_simset":834,"rotationMatrix":[5.96046448e-08,-1,0,1,5.96046448e-08,0,0,0,1],"shapeName":"levels/derby/art/shapes/misc/concrete_road_barrier_a.dae"}
{"class":"TSStatic","persistentId":"ba143072-bdae-48ca-b1f8-681342558081","__parent":"Statics","position":[211.044006,144.194,79.2264023],"allowPlayerStep":"1","isRenderEnabled":false,"order_simset":835,"rotationMatrix":[5.96046448e-08,-1,0,1,5.96046448e-08,0,0,0,1],"shapeName":"levels/derby/art/shapes/buildings/ind_bld_tin_01_shed_b.dae"}
{"class":"TSStatic","persistentId":"ba203876-040a-452d-99cb-ef51929bc3e8","__parent":"Statics","position":[196.223007,127.649002,79.0222015],"allowPlayerStep":"1","isRenderEnabled":false,"order_simset":836,"rotationMatrix":[5.96046448e-08,1,0,-1,5.96046448e-08,0,0,0,1],"shapeName":"levels/derby/art/shapes/misc/concrete_road_barrier_a.dae"}
{"class":"TSStatic","persistentId":"bb6a4682-3edc-43df-aa3d-7ddb8f9446fb","__parent":"Statics","position":[196.223007,135.082001,79.0222015],"allowPlayerStep":"1","isRenderEnabled":false,"order_simset":837,"rotationMatrix":[5.96046448e-08,1,0,-1,5.96046448e-08,0,0,0,1],"shapeName":"levels/derby/art/shapes/misc/concrete_road_barrier_a.dae"}
{"class":"TSStatic","persistentId":"bb9657db-8e64-4326-b7ff-27c4d47c946c","__parent":"Statics","position":[23.0303993,107.022003,79.0222015],"allowPlayerStep":"1","isRenderEnabled":false,"order_simset":838,"rotationMatrix":[-1,8.74227766e-08,0,-8.74227766e-08,-1,0,0,0,1],"shapeName":"levels/derby/art/shapes/misc/concrete_road_barrier_a.dae"}
{"class":"TSStatic","persistentId":"bc1416d2-e71a-46c7-914c-1bbc55cc5449","__parent":"Statics","position":[41.5872993,107.022003,79.0222015],"allowPlayerStep":"1","isRenderEnabled":false,"order_simset":839,"shapeName":"levels/derby/art/shapes/misc/concrete_road_barrier_a.dae"}
{"class":"TSStatic","persistentId":"bfd6bb8a-bbfe-4700-95ef-b33bf44a7e14","__parent":"Statics","position":[175.557999,151.988998,79.0222015],"allowPlayerStep":"1","isRenderEnabled":false,"order_simset":840,"rotationMatrix":[-1,8.74227766e-08,0,-8.74227766e-08,-1,0,0,0,1],"shapeName":"levels/derby/art/shapes/misc/concrete_road_barrier_a.dae"}
{"class":"TSStatic","persistentId":"c1726124-46c1-4d97-8fe6-eb4fc30f1675","__parent":"Statics","position":[-8.82367992,146.199005,79.0222015],"allowPlayerStep":"1","isRenderEnabled":false,"order_simset":841,"rotationMatrix":[5.96046448e-08,-1,0,1,5.96046448e-08,0,0,0,1],"shapeName":"levels/derby/art/shapes/misc/concrete_road_barrier_a.dae"}
{"class":"TSStatic","persistentId":"c18b08df-56f8-452d-8079-c8c2924d77b5","__parent":"Statics","position":[-8.82369041,137.024979,79.0222015],"allowPlayerStep":"1","isRenderEnabled":false,"order_simset":842,"rotationMatrix":[5.96046448e-08,-1,0,1,5.96046448e-08,0,0,0,1],"shapeName":"levels/derby/art/shapes/misc/concrete_road_barrier_a.dae"}
{"class":"TSStatic","persistentId":"c1bc50b6-159a-4337-a784-c57341fd157c","__parent":"Statics","position":[0.71133399,151.917007,79.0222015],"allowPlayerStep":"1","isRenderEnabled":false,"order_simset":843,"rotationMatrix":[-1,8.74227766e-08,0,-8.74227766e-08,-1,0,0,0,1],"shapeName":"levels/derby/art/shapes/misc/concrete_road_barrier_a.dae"}
{"class":"TSStatic","persistentId":"c36439ea-e7bf-4885-b743-c4323751e11a","__parent":"Statics","position":[-8.82367992,121.845055,79.0222015],"allowPlayerStep":"1","isRenderEnabled":false,"order_simset":844,"rotationMatrix":[5.96046448e-08,-1,0,1,5.96046448e-08,0,0,0,1],"shapeName":"levels/derby/art/shapes/misc/concrete_road_barrier_a.dae"}
{"class":"TSStatic","persistentId":"c48cdf59-7952-457f-ac6e-7d6d81ccf086","__parent":"Statics","position":[-111.769997,57.9109993,78.9357986],"allowPlayerStep":"1","decalType":"Visible Mesh","isRenderEnabled":false,"order_simset":845,"rotationMatrix":[5.96046448e-08,-1,0,1,5.96046448e-08,0,0,0,1],"shapeName":"levels/derby/art/shapes/buildings/ind_bld_06.dae"}
{"class":"TSStatic","persistentId":"c636cf79-00a9-4620-b406-4c3f1c207d27","__parent":"Statics","position":[-8.8236599,143.144928,79.0222015],"allowPlayerStep":"1","isRenderEnabled":false,"order_simset":846,"rotationMatrix":[5.96046448e-08,1,0,-1,5.96046448e-08,0,0,0,1],"shapeName":"levels/derby/art/shapes/misc/concrete_road_barrier_a.dae"}
{"class":"TSStatic","persistentId":"c73e08e2-4f1d-480a-a118-01faf1068d0a","__parent":"Statics","position":[-7.77615261,109.875702,79.0222015],"allowPlayerStep":"1","isRenderEnabled":false,"order_simset":886,"rotationMatrix":[-0.707106709,0.707106888,0,-0.707106888,-0.707106709,0,0,0,1],"scale":[0.75,1,1],"shapeName":"levels/derby/art/shapes/misc/concrete_road_barrier_a.dae"}
{"class":"TSStatic","persistentId":"c8f71fad-7315-4d46-a7c3-e5630c5ba216","__parent":"Statics","position":[52.8848,177.153,80.0426025],"allowPlayerStep":"1","isRenderEnabled":false,"order_simset":847,"rotationMatrix":[5.96046448e-08,-1,0,1,5.96046448e-08,0,0,0,1],"shapeName":"levels/derby/art/shapes/buildings/ind_bld_04.dae"}
{"class":"TSStatic","persistentId":"c9b73251-9a87-49cc-94c4-145e8a49c199","__parent":"Statics","position":[-10.7332592,122.977516,79.0222015],"allowPlayerStep":"1","isRenderEnabled":false,"order_simset":870,"rotationMatrix":[1,3.85446015e-07,0,-3.85446015e-07,1,0,0,0,1],"shapeName":"levels/derby/art/shapes/misc/concrete_road_barrier_a.dae"}
{"class":"TSStatic","persistentId":"c9c2fba7-1a01-419a-8b0c-421d47ebc9e6","__parent":"Statics","position":[55.8589668,150.858078,79.0222015],"allowPlayerStep":"1","isRenderEnabled":false,"order_simset":890,"rotationMatrix":[0.707106471,-0.707107127,0,0.707107127,0.707106471,0,0,0,1],"scale":[0.75,1,1],"shapeName":"levels/derby/art/shapes/misc/concrete_road_barrier_a.dae"}
{"class":"TSStatic","persistentId":"cba51b5e-f213-4fd2-8b5a-d78b772b9ec5","__parent":"Statics","position":[151.328003,101.578003,79.0222015],"allowPlayerStep":"1","isRenderEnabled":false,"order_simset":848,"rotationMatrix":[5.96046448e-08,-1,0,1,5.96046448e-08,0,0,0,1],"shapeName":"levels/derby/art/shapes/misc/concrete_road_barrier_a.dae"}
{"class":"TSStatic","persistentId":"cfdefff7-f3a3-46df-8fc9-57123d49a24f","__parent":"Statics","position":[58.6696014,115.746086,79.0222015],"allowPlayerStep":"1","isRenderEnabled":false,"order_simset":849,"rotationMatrix":[5.96046448e-08,-1,0,1,5.96046448e-08,0,0,0,1],"shapeName":"levels/derby/art/shapes/misc/concrete_road_barrier_a.dae"}
{"class":"TSStatic","persistentId":"d0f995ae-683a-478f-a2d4-f9f3ed48532b","__parent":"Statics","position":[156.195175,84.5033951,78.9581985],"allowPlayerStep":"1","isRenderEnabled":false,"order_simset":850,"shapeName":"levels/derby/art/shapes/misc/concrete_road_barrier_a.dae"}
{"class":"TSStatic","persistentId":"d3860660-6c33-4844-8c21-f858906628c7","__parent":"Statics","position":[196.223007,149.886993,79.0222015],"allowPlayerStep":"1","isRenderEnabled":false,"order_simset":851,"rotationMatrix":[5.96046448e-08,1,0,-1,5.96046448e-08,0,0,0,1],"shapeName":"levels/derby/art/shapes/misc/concrete_road_barrier_a.dae"}
{"class":"TSStatic","persistentId":"d53f6451-98a4-4cb4-9d7d-3756a71b4e1d","__parent":"Statics","position":[-8.82367992,115.72084,79.0222015],"allowPlayerStep":"1","isRenderEnabled":false,"order_simset":852,"rotationMatrix":[5.96046448e-08,-1,0,1,5.96046448e-08,0,0,0,1],"shapeName":"levels/derby/art/shapes/misc/concrete_road_barrier_a.dae"}
{"class":"TSStatic","persistentId":"db6e793c-099c-4c5f-a352-dad1c4ef5f23","__parent":"Statics","position":[58.6696014,112.683998,79.0222015],"allowPlayerStep":"1","isRenderEnabled":false,"order_simset":853,"rotationMatrix":[5.96046448e-08,1,0,-1,5.96046448e-08,0,0,0,1],"shapeName":"levels/derby/art/shapes/misc/concrete_road_barrier_a.dae"}
{"class":"TSStatic","persistentId":"dddb7a11-7bda-4332-9be3-7c8f3316cace","__parent":"Statics","position":[-5.94893837,108.019302,79.0222015],"allowPlayerStep":"1","isRenderEnabled":false,"order_simset":887,"rotationMatrix":[-0.707106709,0.707106888,0,-0.707106888,-0.707106709,0,0,0,1],"scale":[0.75,1,1],"shapeName":"levels/derby/art/shapes/misc/concrete_road_barrier_a.dae"}
{"class":"TSStatic","persistentId":"de196029-d655-434d-ba30-4c976bd94eea","__parent":"Statics","position":[-12.8198996,55.3428001,78.9357986],"allowPlayerStep":"1","isRenderEnabled":false,"order_simset":854,"rotationMatrix":[5.96046448e-08,-1,0,1,5.96046448e-08,0,0,0,1],"shapeName":"levels/derby/art/shapes/buildings/ind_bld_06.dae"}
{"class":"TSStatic","persistentId":"deb6dd0b-4651-49b7-9e24-0526282cd651","__parent":"Statics","position":[63.4386787,135.890579,79.0222015],"allowPlayerStep":"1","isRenderEnabled":false,"order_simset":879,"rotationMatrix":[-1,-5.96046164e-08,0,5.96046164e-08,-1,0,0,0,1],"shapeName":"levels/derby/art/shapes/misc/concrete_road_barrier_a.dae"}
{"class":"TSStatic","persistentId":"e02b820c-86d5-46a3-a793-035a49ae322c","__parent":"Statics","position":[-22.5307007,-81.0707016,78.9779968],"allowPlayerStep":"1","isRenderEnabled":false,"order_simset":855,"shapeName":"levels/derby/art/shapes/buildings/ind_bld_03.dae"}
{"class":"TSStatic","persistentId":"e11b08a7-1153-44e8-9f08-58cd54a849a4","__parent":"Statics","position":[194.504456,-29.7220592,81.8143463],"allowPlayerStep":"1","isRenderEnabled":false,"order_simset":856,"rotationMatrix":[5.96046448e-08,1,0,-1,5.96046448e-08,0,0,0,1],"shapeName":"levels/derby/art/shapes/misc/concrete_road_barrier_a.dae"}
{"class":"TSStatic","persistentId":"e4f4bf7d-5be5-4957-8c49-64ecc8114a25","__parent":"Statics","position":[-121.024002,39.3078003,80.0426025],"allowPlayerStep":"1","isRenderEnabled":false,"order_simset":857,"rotationMatrix":[5.96046448e-08,-1,0,1,5.96046448e-08,0,0,0,1],"shapeName":"levels/derby/art/shapes/buildings/ind_bld_04.dae"}
{"class":"TSStatic","persistentId":"e6d7ad3b-9574-429f-8cdf-5407035c0465","__parent":"Statics","position":[-35.2499008,24.8575993,79.160553],"allowPlayerStep":"1","isRenderEnabled":false,"order_simset":858,"rotationMatrix":[5.96046448e-08,-1,0,1,5.96046448e-08,0,0,0,1],"shapeName":"levels/derby/art/shapes/buildings/ind_bld_08.dae"}
{"class":"TSStatic","persistentId":"e724b0bd-7683-4d71-91a3-bd5542a853ed","__parent":"Statics","position":[196.223007,90.3005981,79.0222015],"allowPlayerStep":"1","isRenderEnabled":false,"order_simset":859,"rotationMatrix":[5.96046448e-08,1,0,-1,5.96046448e-08,0,0,0,1],"shapeName":"levels/derby/art/shapes/misc/concrete_road_barrier_a.dae"}
{"class":"TSStatic","persistentId":"e7c0cdda-3eb2-4bf4-93ba-f067ce3e160b","__parent":"Statics","position":[151.328003,109.031998,79.0222015],"allowPlayerStep":"1","isRenderEnabled":false,"order_simset":860,"rotationMatrix":[5.96046448e-08,-1,0,1,5.96046448e-08,0,0,0,1],"shapeName":"levels/derby/art/shapes/misc/concrete_road_barrier_a.dae"}
{"class":"TSStatic","persistentId":"e878b0ac-dbb7-4f73-889e-b59b971dea2c","__parent":"Statics","position":[30.4633007,151.917007,79.0222015],"allowPlayerStep":"1","isRenderEnabled":false,"order_simset":861,"rotationMatrix":[-1,8.74227766e-08,0,-8.74227766e-08,-1,0,0,0,1],"shapeName":"levels/derby/art/shapes/misc/concrete_road_barrier_a.dae"}
{"class":"TSStatic","persistentId":"e9dddebb-4f8c-46da-bdca-2dd3a789dae1","__parent":"Statics","position":[-61.3120995,50.6613998,79.2264023],"allowPlayerStep":"1","isRenderEnabled":false,"order_simset":862,"rotationMatrix":[0.998961568,-0.0455604531,0,0.0455604531,0.998961568,0,0,0,1],"shapeName":"levels/derby/art/shapes/buildings/ind_bld_tin_01_shed_b.dae"}
{"class":"TSStatic","persistentId":"ea2946ca-adeb-4d00-b6b5-53890a3a66fd","__parent":"Statics","position":[37.9174004,107.022003,79.0222015],"allowPlayerStep":"1","isRenderEnabled":false,"order_simset":863,"rotationMatrix":[-1,8.74227766e-08,0,-8.74227766e-08,-1,0,0,0,1],"shapeName":"levels/derby/art/shapes/misc/concrete_road_barrier_a.dae"}
{"class":"TSStatic","persistentId":"ee69a809-8dbc-42df-ac49-50e741c2d9b0","__parent":"Statics","position":[4.25922012,173.591003,79.0161972],"allowPlayerStep":"1","isRenderEnabled":false,"order_simset":864,"rotationMatrix":[5.96046448e-08,1,0,-1,5.96046448e-08,0,0,0,1],"shapeName":"levels/derby/art/shapes/buildings/ind_bld_07.dae"}
{"class":"TSStatic","persistentId":"f0370540-4134-486b-8bfa-db45dd2db240","__parent":"Statics","position":[52.8647995,151.917007,79.0222015],"allowPlayerStep":"1","isRenderEnabled":false,"order_simset":865,"rotationMatrix":[-1,8.74227766e-08,0,-8.74227766e-08,-1,0,0,0,1],"shapeName":"levels/derby/art/shapes/misc/concrete_road_barrier_a.dae"}
{"class":"TSStatic","persistentId":"f34cae00-5c20-4d03-9402-fa27a65fa085","__parent":"Statics","position":[58.6696014,118.810562,79.0222015],"allowPlayerStep":"1","isRenderEnabled":false,"order_simset":866,"rotationMatrix":[5.96046448e-08,1,0,-1,5.96046448e-08,0,0,0,1],"shapeName":"levels/derby/art/shapes/misc/concrete_road_barrier_a.dae"}
{"class":"TSStatic","persistentId":"f6f36fa9-17ba-4332-9337-0e777a422748","__parent":"Statics","position":[196.223007,101.578003,79.0222015],"allowPlayerStep":"1","isRenderEnabled":false,"order_simset":867,"rotationMatrix":[5.96046448e-08,-1,0,1,5.96046448e-08,0,0,0,1],"shapeName":"levels/derby/art/shapes/misc/concrete_road_barrier_a.dae"}
{"class":"TSStatic","persistentId":"fb76c1f5-613e-4900-a7c0-803b751b75f9","__parent":"Statics","position":[151.328003,86.6306,79.0222015],"allowPlayerStep":"1","isRenderEnabled":false,"order_simset":868,"rotationMatrix":[5.96046448e-08,-1,0,1,5.96046448e-08,0,0,0,1],"shapeName":"levels/derby/art/shapes/misc/concrete_road_barrier_a.dae"}
{"class":"TSStatic","persistentId":"fdd93a1d-190f-4895-93a4-fe2757bbecd1","__parent":"Statics","position":[-20.0400391,224.529755,79.5068893],"allowPlayerStep":"1","isRenderEnabled":false,"order_simset":869,"rotationMatrix":[-0.881189108,0.472763985,0,-0.472763985,-0.881189108,0,0,0,1],"shapeName":"levels/derby/art/shapes/misc/concrete_road_barrier_a.dae"}
