{"class":"TSStatic","persistentId":"194111ca-083e-4ce5-b925-7fbaf6126cfc","__parent":"pit_alt_doors","position":[169.498901,164.811691,79.0574799],"isRenderEnabled":false,"order_simset":294,"rotationMatrix":[0.999996662,-0.00256490195,0,0.00256490195,0.999996662,0,0,0,1],"shapeName":"/levels/derby/art/shapes/buildings/ind_pit_building.dae","useInstanceRenderData":true}
{"class":"TSStatic","persistentId":"1abae1fb-286c-450d-b326-1c68a6152666","__parent":"pit_alt_doors","position":[172.486038,159.804031,78.3574753],"isRenderEnabled":false,"order_simset":295,"rotationMatrix":[0.999996662,-0.00256490195,0,0.00256490195,0.999996662,0,0,0,1],"shapeName":"/levels/derby/art/shapes/buildings/ind_pit_building_door_open.dae","useInstanceRenderData":true}
{"class":"TSStatic","persistentId":"1be6e080-ba52-4197-995a-961f27410a6d","__parent":"pit_alt_doors","position":[-135.736328,224.55748,77.0418167],"isRenderEnabled":false,"order_simset":296,"rotationMatrix":[0.931310952,-0.36422509,0,0.36422509,0.931310952,0,0,0,1],"shapeName":"/levels/derby/art/shapes/buildings/ind_pit_building_door_closed.dae","useInstanceRenderData":true}
{"class":"TSStatic","persistentId":"53261466-5d11-4046-8df1-45e92447e36c","__parent":"pit_alt_doors","position":[-131.121277,228.121353,77.0418167],"isRenderEnabled":false,"order_simset":297,"rotationMatrix":[0.931310952,-0.36422509,0,0.36422509,0.931310952,0,0,0,1],"shapeName":"/levels/derby/art/shapes/buildings/ind_pit_building.dae","useInstanceRenderData":true}
{"class":"TSStatic","persistentId":"8303144d-d0da-4249-8a9c-26174f3937f4","__parent":"pit_alt_doors","position":[166.486084,159.819427,79.0574799],"isRenderEnabled":false,"order_simset":298,"rotationMatrix":[0.999996662,-0.00256490195,0,0.00256490195,0.999996662,0,0,0,1],"shapeName":"/levels/derby/art/shapes/buildings/ind_pit_building_door_closed.dae","useInstanceRenderData":true}
{"class":"TSStatic","persistentId":"a8c35ff9-6b6a-4dc8-839d-f7d1c2a7759f","__parent":"pit_alt_doors","position":[-130.148483,222.372131,76.3418121],"isRenderEnabled":false,"order_simset":299,"rotationMatrix":[0.931310952,-0.36422509,0,0.36422509,0.931310952,0,0,0,1],"shapeName":"/levels/derby/art/shapes/buildings/ind_pit_building_door_open.dae","useInstanceRenderData":true}
