{"name":"theForest","class":"Forest","persistentId":"1acda816-9f86-4554-9013-5eaa77f4b451","__parent":"vegetation","lodReflectScalar":0.150000006,"order_simset":283}
{"class":"ForestWindEmitter","persistentId":"35132e0a-10d8-47a6-ac54-3f6f8523d2b2","__parent":"vegetation","position":[-77.7248993,204.464996,104.431],"gustYawFrequency":0.100000001,"hasMount":"0","order_simset":275,"strength":0.200000003}
{"name":"WeedDry","class":"GroundCover","persistentId":"01720a4d-e632-4c8b-9f40-bf20cb489177","__parent":"vegetation","position":[-474.12085,192.668716,219.181213],"GridSize":6,"Material":"dry_grass","Types":[{"billboardUVs":[0.675779998,0.335938007,0.324220002,0.320313007],"layer":"dirt_grass","maxClumpCount":3,"minClumpCount":2,"probability":1,"sizeExponent":2,"sizeMax":0.699999988,"sizeMin":0.300000012,"windScale":0.200000003},{"billboardUVs":[0.671876013,0.667968988,0.328123987,0.324218005],"layer":"dirt_grass","maxClumpCount":3,"probability":1,"sizeExponent":1.5,"sizeMax":0.400000006,"sizeMin":0.200000003,"windScale":0.200000003},{"billboardUVs":[0.34375,0.339843988,0.335938007,0.316406995],"layer":"dirt_grass","maxClumpCount":3,"probability":1,"sizeExponent":2,"sizeMax":0.699999988,"sizeMin":0.400000006,"windScale":0.200000003},{"billboardUVs":[0.339843988,0.683593988,0.339843005,0.316406012],"layer":"dirt_grass","maxClumpCount":5,"minClumpCount":3,"probability":1,"sizeExponent":2,"sizeMax":0.400000006,"sizeMin":0.200000003,"windScale":0.200000003},{"billboardUVs":[0.683592975,0.671876013,0.316406995,0.312498987],"layer":"dirt_grass","maxClumpCount":5,"minClumpCount":2,"sizeMax":0.5,"sizeMin":0.300000012,"windScale":0.300000012},{},{},{}],"dissolveRadius":80,"maxBillboardTiltAngle":40,"maxElements":1000000,"order_simset":276,"radius":100,"windGustLength":1.70000005,"windGustStrength":0.200000003,"windTurbulenceFrequency":0.300000012}
{"name":"LongGrassDry","class":"GroundCover","persistentId":"0bc0fc72-7c67-4c8f-8c01-ba51ef1c1b84","__parent":"vegetation","position":[-436,176,269],"GridSize":6,"Material":"dry_grass","Types":[{"billboardUVs":[0.335938007,0.664065003,0.339843988,0.308591008],"clumpExponent":-0.5,"clumpRadius":0.5,"layer":"Grass","maxClumpCount":5,"minClumpCount":3,"probability":0.200000003,"sizeMax":0.300000012,"sizeMin":0.100000001,"windScale":0.200000003},{"billboardUVs":[0,0.339843988,0.371093988,0.300781012],"clumpExponent":-0.300000012,"layer":"Grass","maxClumpCount":4,"minClumpCount":3,"probability":0.5,"sizeMax":0.400000006,"sizeMin":0.200000003,"windScale":0.200000003},{"billboardUVs":[0,0.671875,0.34375,0.308593988],"clumpExponent":-0.300000012,"layer":"Grass","maxClumpCount":4,"minClumpCount":3,"probability":0.200000003,"sizeMax":0.400000006,"sizeMin":0.200000003,"windScale":0.200000003},{"billboardUVs":[0,0.335936993,0.332031012,0.320313007],"clumpExponent":-0.5,"clumpRadius":2,"layer":"Grass2","maxClumpCount":6,"minClumpCount":3,"sizeMax":0.899999976,"sizeMin":0.5,"windScale":0.200000003},{"billboardUVs":[0.347656012,0.332031012,0.34375,0.324220002],"clumpExponent":-0.200000003,"layer":"dirt_grass","maxClumpCount":6,"minClumpCount":2,"probability":1,"sizeMax":0.699999988,"sizeMin":0.400000006,"windScale":0.300000012},{"billboardUVs":[0.371093988,0.335936993,0.308593988,0.3125],"clumpExponent":-0.5,"clumpRadius":0.5,"layer":"Grass","maxClumpCount":5,"minClumpCount":3,"probability":1,"sizeMax":0.400000006,"sizeMin":0.200000003,"windScale":0.300000012},{},{}],"dissolveRadius":70,"maxBillboardTiltAngle":40,"maxElements":400000,"order_simset":277,"radius":80,"windGustLength":1.70000005,"windGustStrength":0.200000003,"windTurbulenceFrequency":0.300000012}
{"name":"Weed2","class":"GroundCover","persistentId":"18d8e9b9-b916-4ed5-a7fa-d1be4beb0682","__parent":"vegetation","position":[-379,248,337],"GridSize":9,"Material":"Groundcover_spring","Types":[{"billboardUVs":[0.332029998,0.371093988,0.324220002,0.320313007],"clumpExponent":-0.100000001,"clumpRadius":0.5,"layer":"dirt_grass","maxClumpCount":3,"minClumpCount":2,"probability":1,"sizeExponent":2,"sizeMax":1.20000005,"sizeMin":0.699999988,"windScale":0.200000003},{"billboardUVs":[0.671876013,0,0.328123987,0.324218005],"clumpExponent":-0.100000001,"clumpRadius":3,"layer":"forest_floor","maxClumpCount":3,"sizeExponent":1.5,"sizeMax":0.800000012,"sizeMin":0.400000006,"windScale":0.200000003},{"billboardUVs":[0.339843988,0,0.335938007,0.316406995],"clumpRadius":4,"layer":"forest_floor","maxClumpCount":3,"sizeExponent":2,"sizeMax":0.699999988,"sizeMin":0.400000006,"windScale":0.200000003},{"billboardUVs":[0.683593988,0.328125,0.308593005,0.308593988],"clumpExponent":-0.5,"layer":"dirt_grass","maxClumpCount":5,"minClumpCount":3,"sizeExponent":2,"sizeMax":0.699999988,"sizeMin":0.400000006,"windScale":0.200000003},{"billboardUVs":[0.683592975,0.671876013,0.316406995,0.312498987],"clumpExponent":-0.300000012,"layer":"dirt_grass","maxClumpCount":5,"minClumpCount":2,"sizeMax":0.5,"sizeMin":0.300000012,"windScale":0.300000012},{},{},{}],"dissolveRadius":100,"maxBillboardTiltAngle":40,"maxElements":50000,"order_simset":278,"radius":120,"windGustLength":1.70000005,"windGustStrength":0.200000003,"windTurbulenceFrequency":0.300000012}
{"name":"SmallGrass","class":"GroundCover","persistentId":"470d9c80-0a31-4a0c-bf5f-36f125022623","__parent":"vegetation","position":[514,226,155],"GridSize":8,"Material":"GrassMiddle","Types":[{"billboardUVs":[0.496093988,0,0.503906012,0.47656101],"clumpRadius":2,"layer":"Grass","maxClumpCount":6,"probability":0.699999988,"sizeMax":0.5,"sizeMin":0.300000012,"windScale":0.200000003},{"billboardUVs":[0,0,0.507812023,0.488281012],"clumpExponent":-0.5,"layer":"Grass","maxClumpCount":4,"minClumpCount":2,"probability":0.200000003,"sizeMax":0.5,"sizeMin":0.300000012,"windScale":0.200000003},{"billboardUVs":[0,0.50781101,0.5,0.49218899],"clumpExponent":-0.5,"layer":"Grass","maxClumpCount":4,"minClumpCount":3,"probability":0.200000003,"sizeMax":0.300000012,"sizeMin":0.200000003,"windScale":0.200000003},{"billboardUVs":[0.5,0.503906012,0.5,0.496093988],"clumpRadius":0.5,"layer":"Grass","maxClumpCount":6,"minClumpCount":3,"probability":0.5,"sizeMax":0.300000012,"sizeMin":0.200000003,"windScale":0.200000003},{"billboardUVs":[0,0.507812977,0.492188007,0.492186993],"clumpExponent":-0.100000001,"layer":"Grass2","maxClumpCount":6,"minClumpCount":5,"sizeMax":0.400000006,"sizeMin":0.200000003,"windScale":0.300000012},{},{},{}],"dissolveRadius":30,"maxBillboardTiltAngle":40,"maxElements":700000,"order_simset":279,"radius":50,"windGustLength":1.70000005,"windGustStrength":0.200000003,"windTurbulenceFrequency":0.300000012}
{"name":"Weed1","class":"GroundCover","persistentId":"5aefae4c-ecf9-4781-9424-a0319a31e57b","__parent":"vegetation","position":[-447,232,279],"Material":"dry_grass","Types":[{"billboardUVs":[0.675779998,0,0.324220002,0.320313007],"clumpExponent":0.100000001,"clumpRadius":0.5,"layer":"Grass2","maxClumpCount":3,"minClumpCount":2,"sizeExponent":2,"sizeMax":1.20000005,"sizeMin":0.699999988,"windScale":0.200000003},{"billboardUVs":[0.671876013,0,0.328123987,0.214843005],"clumpExponent":-0.300000012,"clumpRadius":4,"layer":"forest_floor","maxClumpCount":5,"minClumpCount":3,"probability":1,"sizeExponent":1.5,"sizeMax":0.800000012,"sizeMin":0.400000006,"windScale":0.200000003},{"billboardUVs":[0.339843988,0,0.335938007,0.316406995],"clumpExponent":-0.400000006,"clumpRadius":3,"layer":"forest_floor","maxClumpCount":4,"minClumpCount":2,"probability":1,"sizeExponent":2,"sizeMax":0.699999988,"sizeMin":0.400000006,"windScale":0.200000003},{"billboardUVs":[0.683593988,0.328125,0.308593005,0.308593988],"clumpExponent":-0.5,"layer":"dirt_grass","maxClumpCount":5,"minClumpCount":3,"sizeExponent":2,"sizeMax":0.699999988,"sizeMin":0.400000006,"windScale":0.200000003},{"billboardUVs":[0.683592975,0.671876013,0.316406995,0.312498987],"clumpExponent":-0.300000012,"layer":"dirt_grass","maxClumpCount":5,"minClumpCount":2,"sizeMax":0.5,"sizeMin":0.300000012,"windScale":0.300000012},{},{},{}],"dissolveRadius":70,"maxBillboardTiltAngle":40,"maxElements":200000,"order_simset":280,"radius":90,"windGustLength":1.70000005,"windGustStrength":0.200000003,"windTurbulenceFrequency":0.300000012}
{"name":"SmallGrass2","class":"GroundCover","persistentId":"831cbcd0-2a14-424e-8f88-6dda8e65faaf","__parent":"vegetation","position":[-365,354,206],"GridSize":9,"Material":"GrassMiddle","Types":[{"billboardUVs":[0,0.52343899,0.503906012,0.47656101],"clumpRadius":2,"layer":"forest_floor","maxClumpCount":6,"sizeMax":0.5,"sizeMin":0.300000012,"windScale":0.200000003},{"billboardUVs":[0,0,0.507812023,0.488281012],"clumpExponent":-0.5,"layer":"Grass2","maxClumpCount":4,"minClumpCount":2,"probability":1,"sizeMax":0.5,"sizeMin":0.300000012,"windScale":0.200000003},{"billboardUVs":[0,0.50781101,0.5,0.49218899],"clumpExponent":-0.5,"layer":"Grass2","maxClumpCount":4,"minClumpCount":3,"probability":0.200000003,"sizeMax":0.300000012,"sizeMin":0.200000003,"windScale":0.200000003},{"billboardUVs":[0.5,0.503906012,0.5,0.496093988],"clumpRadius":0.5,"layer":"Grass2","maxClumpCount":6,"minClumpCount":3,"sizeMax":0.300000012,"sizeMin":0.200000003,"windScale":0.200000003},{"billboardUVs":[0,0.507812977,0.492188007,0.492186993],"clumpExponent":-0.100000001,"layer":"Grass2","maxClumpCount":6,"minClumpCount":5,"sizeMax":0.400000006,"sizeMin":0.200000003,"windScale":0.300000012},{},{},{}],"dissolveRadius":30,"maxBillboardTiltAngle":40,"maxElements":400000,"order_simset":281,"radius":50,"windGustLength":1.70000005,"windGustStrength":0.200000003,"windTurbulenceFrequency":0.300000012}
{"name":"LongGrass","class":"GroundCover","persistentId":"dea8cf9f-2b78-4bc6-99ae-1d619c4daa60","__parent":"vegetation","position":[-367.135498,107.813599,204.559265],"GridSize":9,"Material":"GrassDry","Types":[{"billboardUVs":[0,0.0585937984,0.503906012,0.437498003],"clumpExponent":-0.5,"layer":"Grass2","maxClumpCount":3,"minClumpCount":2,"probability":1.20000005,"sizeMax":0.699999988,"sizeMin":0.400000006,"windScale":0.200000003},{"billboardUVs":[0.484375,0.527343988,0.515625,0.472656012],"clumpExponent":-0.5,"layer":"Grass2","maxClumpCount":3,"minClumpCount":2,"probability":1,"sizeMax":0.600000024,"sizeMin":0.300000012,"windScale":0.200000003},{"billboardUVs":[0,0.507812023,0.503906012,0.492188007],"clumpExponent":-0.600000024,"layer":"Grass2","maxClumpCount":5,"minClumpCount":4,"probability":0.200000003,"sizeMax":0.899999976,"sizeMin":0.600000024,"windScale":0.200000003},{"billboardUVs":[0.00390625,0,0.480468005,0.496093988],"clumpRadius":2,"layer":"forest_floor","maxClumpCount":6,"minClumpCount":3,"sizeMax":0.600000024,"sizeMin":0.300000012,"windScale":0.200000003},{"billboardUVs":[0.5,0.0117188003,0.5,0.484376013],"clumpExponent":-0.200000003,"clumpRadius":1.5,"layer":"forest_floor","maxClumpCount":6,"minClumpCount":2,"sizeMax":0.600000024,"sizeMin":0.300000012,"windScale":0.300000012},{"billboardUVs":[0.492186993,0.507812023,0.507812977,0.488281012],"clumpExponent":-0.300000012,"layer":"Grass","maxClumpCount":4,"minClumpCount":2,"sizeMax":0.699999988,"sizeMin":0.300000012,"windScale":0.300000012},{},{}],"dissolveRadius":100,"maxBillboardTiltAngle":40,"maxElements":5000000,"order_simset":282,"radius":130,"windGustLength":1.70000005,"windGustStrength":0.200000003,"windTurbulenceFrequency":0.300000012}
