{"class":"TSStatic","persistentId":"175c50f9-25aa-4368-a85a-c010dcbee67c","__parent":"bld_big_warehouse_2","position":[11.4286308,80.0028992,79.1298141],"isRenderEnabled":false,"order_simset":698,"rotationMatrix":[-1,-8.74227766e-08,0,8.74227766e-08,-1,0,0,0,1],"shapeName":"/levels/derby/art/shapes/buildings/ind_bld_warehouse_huge_supports.dae","useInstanceRenderData":true}
{"class":"TSStatic","persistentId":"2d290e17-679e-4764-87d9-9f4e7019df0c","__parent":"bld_big_warehouse_2","position":[21.4286308,80.0028992,79.1298141],"isRenderEnabled":false,"order_simset":699,"rotationMatrix":[-1,-8.74227766e-08,0,8.74227766e-08,-1,0,0,0,1],"shapeName":"/levels/derby/art/shapes/buildings/ind_bld_warehouse_huge_floor.dae","useInstanceRenderData":true}
{"class":"TSStatic","persistentId":"34c374e2-0583-4483-8fdb-fe98da6e2ffa","__parent":"bld_big_warehouse_2","position":[21.4286308,80.0028992,79.1298141],"isRenderEnabled":false,"order_simset":700,"rotationMatrix":[-1,-8.74227766e-08,0,8.74227766e-08,-1,0,0,0,1],"shapeName":"/levels/derby/art/shapes/buildings/ind_bld_warehouse_huge_struts.dae","useInstanceRenderData":true}
{"class":"TSStatic","persistentId":"43f3ac60-0af5-4cd0-b9bd-c47315d0b7ea","__parent":"bld_big_warehouse_2","position":[21.4286308,80.0028992,79.1298141],"isRenderEnabled":false,"order_simset":701,"rotationMatrix":[-1,-8.74227766e-08,0,8.74227766e-08,-1,0,0,0,1],"shapeName":"/levels/derby/art/shapes/buildings/ind_bld_warehouse_huge_shell.dae","useInstanceRenderData":true}
{"class":"TSStatic","persistentId":"627c0043-fe7b-4151-9312-869dfa7d0b52","__parent":"bld_big_warehouse_2","position":[31.4286232,80.0028992,79.1298141],"isRenderEnabled":false,"order_simset":702,"rotationMatrix":[-1,-8.74227766e-08,0,8.74227766e-08,-1,0,0,0,1],"shapeName":"/levels/derby/art/shapes/buildings/ind_bld_warehouse_huge_supports.dae","useInstanceRenderData":true}
{"class":"TSStatic","persistentId":"63827535-0929-4c8e-a6d8-3cea8bdbb816","__parent":"bld_big_warehouse_2","position":[51.4285774,80.0028992,79.1298141],"isRenderEnabled":false,"order_simset":703,"rotationMatrix":[-1,-8.74227766e-08,0,8.74227766e-08,-1,0,0,0,1],"shapeName":"/levels/derby/art/shapes/buildings/ind_bld_warehouse_huge_struts.dae","useInstanceRenderData":true}
{"class":"TSStatic","persistentId":"6df158be-e3e7-44e9-8540-3773945bc959","__parent":"bld_big_warehouse_2","position":[61.4285774,80.0028992,79.1298141],"isRenderEnabled":false,"order_simset":704,"rotationMatrix":[-1,-8.74227766e-08,0,8.74227766e-08,-1,0,0,0,1],"shapeName":"/levels/derby/art/shapes/buildings/ind_bld_warehouse_huge_struts.dae","useInstanceRenderData":true}
{"class":"TSStatic","persistentId":"73780dd1-9fc6-4268-8dd1-ef2ba3072c61","__parent":"bld_big_warehouse_2","position":[51.6737938,98.0282593,79.1122437],"isRenderEnabled":false,"order_simset":705,"rotationMatrix":[-1,-8.74227766e-08,0,8.74227766e-08,-1,0,0,0,1],"shapeName":"/levels/derby/art/shapes/buildings/ind_bld_warehouse_huge_door_r.dae","useInstanceRenderData":true}
{"class":"TSStatic","persistentId":"8f1377d1-2bf7-4177-8221-8f90a6995e17","__parent":"bld_big_warehouse_2","position":[-12.9068031,98.0282593,79.1122437],"isRenderEnabled":false,"order_simset":706,"rotationMatrix":[-1,-8.74227766e-08,0,8.74227766e-08,-1,0,0,0,1],"shapeName":"/levels/derby/art/shapes/buildings/ind_bld_warehouse_huge_door_r.dae","useInstanceRenderData":true}
{"class":"TSStatic","persistentId":"979bc733-1596-4ab2-b840-3b4f2ec22ac4","__parent":"bld_big_warehouse_2","position":[31.4286232,80.0028992,79.1298141],"isRenderEnabled":false,"order_simset":707,"rotationMatrix":[-1,-8.74227766e-08,0,8.74227766e-08,-1,0,0,0,1],"shapeName":"/levels/derby/art/shapes/buildings/ind_bld_warehouse_huge_struts.dae","useInstanceRenderData":true}
{"class":"TSStatic","persistentId":"9aa5a09b-3d4b-4edf-a5e4-0b605bf19e6d","__parent":"bld_big_warehouse_2","position":[-21.6277714,62.3291435,79.1181335],"isRenderEnabled":false,"order_simset":708,"rotationMatrix":[-1,-8.74227766e-08,0,8.74227766e-08,-1,0,0,0,1],"shapeName":"/levels/derby/art/shapes/buildings/ind_bld_warehouse_huge_door_l.dae","useInstanceRenderData":true}
{"class":"TSStatic","persistentId":"c0112460-6fed-43cb-a70a-0f0d80b3b1b9","__parent":"bld_big_warehouse_2","position":[-8.57136917,80.0028992,79.1298141],"isRenderEnabled":false,"order_simset":709,"rotationMatrix":[-1,-8.74227766e-08,0,8.74227766e-08,-1,0,0,0,1],"shapeName":"/levels/derby/art/shapes/buildings/ind_bld_warehouse_huge_supports.dae","useInstanceRenderData":true}
{"class":"TSStatic","persistentId":"c41c8ec5-0c24-43ed-8e64-6a1bd515e388","__parent":"bld_big_warehouse_2","position":[45.2287025,62.3291473,79.1181335],"isRenderEnabled":false,"order_simset":710,"rotationMatrix":[-1,-8.74227766e-08,0,8.74227766e-08,-1,0,0,0,1],"shapeName":"/levels/derby/art/shapes/buildings/ind_bld_warehouse_huge_door_l.dae","useInstanceRenderData":true}
{"class":"TSStatic","persistentId":"d16dc306-c63e-4f01-97d2-16e227bc1ec3","__parent":"bld_big_warehouse_2","position":[51.4285774,80.0028992,79.1298141],"isRenderEnabled":false,"order_simset":711,"rotationMatrix":[-1,-8.74227766e-08,0,8.74227766e-08,-1,0,0,0,1],"shapeName":"/levels/derby/art/shapes/buildings/ind_bld_warehouse_huge_supports.dae","useInstanceRenderData":true}
{"class":"TSStatic","persistentId":"d39d635c-8baa-4e4a-91eb-4876a457002e","__parent":"bld_big_warehouse_2","position":[11.4286308,80.0028992,79.1298141],"isRenderEnabled":false,"order_simset":712,"rotationMatrix":[-1,-8.74227766e-08,0,8.74227766e-08,-1,0,0,0,1],"shapeName":"/levels/derby/art/shapes/buildings/ind_bld_warehouse_huge_struts.dae","useInstanceRenderData":true}
{"class":"TSStatic","persistentId":"e653e3c1-2ce8-415d-9ae2-c4dc2f5cb6e8","__parent":"bld_big_warehouse_2","position":[41.4286346,80.0028992,79.1298141],"isRenderEnabled":false,"order_simset":713,"rotationMatrix":[-1,-8.74227766e-08,0,8.74227766e-08,-1,0,0,0,1],"shapeName":"/levels/derby/art/shapes/buildings/ind_bld_warehouse_huge_struts.dae","useInstanceRenderData":true}
{"class":"TSStatic","persistentId":"f7f5e9f6-3b96-4a94-9613-2cb48068822f","__parent":"bld_big_warehouse_2","position":[1.42863083,80.0028992,79.1298141],"isRenderEnabled":false,"order_simset":714,"rotationMatrix":[-1,-8.74227766e-08,0,8.74227766e-08,-1,0,0,0,1],"shapeName":"/levels/derby/art/shapes/buildings/ind_bld_warehouse_huge_struts.dae","useInstanceRenderData":true}
{"class":"TSStatic","persistentId":"f9067c44-987b-47c6-aa9a-9c469cb950e3","__parent":"bld_big_warehouse_2","position":[-18.5713673,80.0028992,79.1298141],"isRenderEnabled":false,"order_simset":715,"rotationMatrix":[-1,-8.74227766e-08,0,8.74227766e-08,-1,0,0,0,1],"shapeName":"/levels/derby/art/shapes/buildings/ind_bld_warehouse_huge_struts.dae","useInstanceRenderData":true}
{"class":"TSStatic","persistentId":"ff558901-5b32-4781-864e-2d4098a0419a","__parent":"bld_big_warehouse_2","position":[-8.57136917,80.0028992,79.1298141],"isRenderEnabled":false,"order_simset":716,"rotationMatrix":[-1,-8.74227766e-08,0,8.74227766e-08,-1,0,0,0,1],"shapeName":"/levels/derby/art/shapes/buildings/ind_bld_warehouse_huge_struts.dae","useInstanceRenderData":true}
