{"class":"TSStatic","persistentId":"04d54785-6213-49db-988c-0ba77fd3abd5","__parent":"Walls","position":[-10.9798574,230.129913,81.5127335],"isRenderEnabled":false,"order_simset":967,"rotationMatrix":[0.362253666,0.932079613,0,-0.932079613,0.362253666,0,0,0,1],"shapeName":"levels/derby/art/shapes/buildings/italy_fence_mesh_6m_conc_base.dae"}
{"class":"TSStatic","persistentId":"05723b0f-b518-48ae-9d40-370b0b128f27","__parent":"Walls","position":[-153.017197,-118.704002,80.6677322],"isRenderEnabled":false,"order_simset":945,"shapeName":"levels/derby/art/shapes/buildings/italy_fence_mesh_6m_conc_base.dae"}
{"class":"TSStatic","persistentId":"05977994-5e1e-4e3f-a7e1-9d24bf4a8cdd","__parent":"Walls","position":[-43.5198441,175.960953,81.2211304],"isRenderEnabled":false,"order_simset":922,"rotationMatrix":[0.39007175,0.920784473,0,-0.920784473,0.39007175,0,0,0,1],"shapeName":"levels/derby/art/shapes/buildings/italy_fence_mesh_6m_conc_base.dae"}
{"class":"TSStatic","persistentId":"1db421a0-4795-45d6-9c5e-0fc161b19fda","__parent":"Walls","position":[-8.76486111,235.880066,81.5217819],"isRenderEnabled":false,"order_simset":966,"rotationMatrix":[0.362253666,0.932079613,0,-0.932079613,0.362253666,0,0,0,1],"shapeName":"levels/derby/art/shapes/buildings/italy_fence_mesh_6m_conc_base.dae"}
{"class":"TSStatic","persistentId":"1eccc149-8c6d-448d-81f6-8e59b07cd40f","__parent":"Walls","position":[-162.587967,-29.4086723,80.6664963],"isRenderEnabled":false,"order_simset":930,"rotationMatrix":[5.96046448e-08,0.99999994,0,-0.99999994,5.96046448e-08,0,0,0,1],"shapeName":"levels/derby/art/shapes/buildings/italy_fence_mesh_6m_conc_base.dae"}
{"class":"TSStatic","persistentId":"218c3897-aaf6-4f8d-985e-bbad23145d62","__parent":"Walls","position":[-159.652802,-76.0199509,80.6582031],"isRenderEnabled":false,"order_simset":926,"shapeName":"levels/derby/art/shapes/buildings/italy_fence_mesh_6m_conc_base.dae"}
{"class":"TSStatic","persistentId":"28891ee9-1722-4eed-9f32-e2a4129501b7","__parent":"Walls","position":[-156.384964,-84.9960861,80.6768265],"isRenderEnabled":false,"order_simset":939,"rotationMatrix":[5.96046448e-08,0.99999994,0,-0.99999994,5.96046448e-08,0,0,0,1],"shapeName":"levels/derby/art/shapes/buildings/italy_fence_mesh_6m_conc_base.dae"}
{"class":"TSStatic","persistentId":"2d53d35d-d10e-4a45-8eaa-3a71cb98b304","__parent":"Walls","position":[-31.5044041,204.439606,81.2355042],"isRenderEnabled":false,"order_simset":917,"rotationMatrix":[0.39007175,0.920784473,0,-0.920784473,0.39007175,0,0,0,1],"shapeName":"levels/derby/art/shapes/buildings/italy_fence_mesh_6m_conc_base.dae"}
{"class":"TSStatic","persistentId":"31eb6c1a-1971-4070-9bf3-0aa210964373","__parent":"Walls","position":[-20.1030235,233.191254,81.2235947],"isRenderEnabled":false,"order_simset":955,"rotationMatrix":[0.362253666,0.932079613,0,-0.932079613,0.362253666,0,0,0,1],"shapeName":"levels/derby/art/shapes/buildings/italy_fence_mesh_6m_conc_base.dae"}
{"class":"TSStatic","persistentId":"326dc633-2b23-42d0-a876-5f9a2685def7","__parent":"Walls","position":[-6.69381142,267.830566,81.2187805],"isRenderEnabled":false,"order_simset":949,"rotationMatrix":[0.362253666,0.932079613,0,-0.932079613,0.362253666,0,0,0,1],"shapeName":"levels/derby/art/shapes/buildings/italy_fence_mesh_6m_conc_base.dae"}
{"class":"TSStatic","persistentId":"3ad36462-d549-4a63-9ebb-dac858db37d0","__parent":"Walls","position":[0.148945808,258.968658,81.5217133],"isRenderEnabled":false,"order_simset":962,"rotationMatrix":[0.362253666,0.932079613,0,-0.932079613,0.362253666,0,0,0,1],"shapeName":"levels/derby/art/shapes/buildings/italy_fence_mesh_6m_conc_base.dae"}
{"class":"TSStatic","persistentId":"44a8e2bd-986b-4794-a3f5-ca0c59cfcc98","__parent":"Walls","position":[-24.5477333,221.665359,81.2135315],"isRenderEnabled":false,"order_simset":957,"rotationMatrix":[0.362253666,0.932079613,0,-0.932079613,0.362253666,0,0,0,1],"shapeName":"levels/derby/art/shapes/buildings/italy_fence_mesh_6m_conc_base.dae"}
{"class":"TSStatic","persistentId":"4657487d-ea87-4fdc-ab4e-3641ecd7d4b5","__parent":"Walls","position":[-146.838913,-118.714684,80.6742554],"isRenderEnabled":false,"order_simset":946,"shapeName":"levels/derby/art/shapes/buildings/italy_fence_mesh_6m_conc_base.dae"}
{"class":"TSStatic","persistentId":"470bed66-feb9-4b54-bc78-09cec5972960","__parent":"Walls","position":[-36.2931023,193.052567,81.2254333],"isRenderEnabled":false,"order_simset":919,"rotationMatrix":[0.39007175,0.920784473,0,-0.920784473,0.39007175,0,0,0,1],"shapeName":"levels/derby/art/shapes/buildings/italy_fence_mesh_6m_conc_base.dae"}
{"class":"TSStatic","persistentId":"473f7b9c-1532-4d23-9663-862fc66b2997","__parent":"Walls","position":[-45.9219551,170.254745,81.2201233],"isRenderEnabled":false,"order_simset":923,"rotationMatrix":[0.39007175,0.920784473,0,-0.920784473,0.39007175,0,0,0,1],"shapeName":"levels/derby/art/shapes/buildings/italy_fence_mesh_6m_conc_base.dae"}
{"class":"TSStatic","persistentId":"4747e59a-9210-4042-bb03-f18ac82b5b28","__parent":"Walls","position":[-8.92353249,262.054871,81.2177658],"isRenderEnabled":false,"order_simset":950,"rotationMatrix":[0.362253666,0.932079613,0,-0.932079613,0.362253666,0,0,0,1],"shapeName":"levels/derby/art/shapes/buildings/italy_fence_mesh_6m_conc_base.dae"}
{"class":"TSStatic","persistentId":"54f71d52-796b-4b16-8d22-57c28ec7d85b","__parent":"Walls","position":[4.64434338,270.519379,81.5169678],"isRenderEnabled":false,"order_simset":960,"rotationMatrix":[0.362253666,0.932079613,0,-0.932079613,0.362253666,0,0,0,1],"shapeName":"levels/derby/art/shapes/buildings/italy_fence_mesh_6m_conc_base.dae"}
{"class":"TSStatic","persistentId":"5c64b0d1-0120-4bc7-bdb6-879bada6cb52","__parent":"Walls","position":[-33.8910027,198.758759,81.2264557],"isRenderEnabled":false,"order_simset":918,"rotationMatrix":[0.39007175,0.920784473,0,-0.920784473,0.39007175,0,0,0,1],"shapeName":"levels/derby/art/shapes/buildings/italy_fence_mesh_6m_conc_base.dae"}
{"class":"TSStatic","persistentId":"5e932bbf-accc-40d6-8d0a-9744c5c204fa","__parent":"Walls","position":[-26.7774315,215.889679,81.2125168],"isRenderEnabled":false,"order_simset":958,"rotationMatrix":[0.362253666,0.932079613,0,-0.932079613,0.362253666,0,0,0,1],"shapeName":"levels/derby/art/shapes/buildings/italy_fence_mesh_6m_conc_base.dae"}
{"class":"TSStatic","persistentId":"5ea03bd1-20a7-456f-9a98-7e33aea475e5","__parent":"Walls","position":[-13.4189301,250.504105,81.2225113],"isRenderEnabled":false,"order_simset":952,"rotationMatrix":[0.362253666,0.932079613,0,-0.932079613,0.362253666,0,0,0,1],"shapeName":"levels/derby/art/shapes/buildings/italy_fence_mesh_6m_conc_base.dae"}
{"class":"TSStatic","persistentId":"601bfd29-5a65-4c62-91cd-bd0de8a08f9a","__parent":"Walls","position":[-41.1332359,181.641983,81.2301788],"isRenderEnabled":false,"order_simset":921,"rotationMatrix":[0.39007175,0.920784473,0,-0.920784473,0.39007175,0,0,0,1],"shapeName":"levels/derby/art/shapes/buildings/italy_fence_mesh_6m_conc_base.dae"}
{"class":"TSStatic","persistentId":"6796aa09-f733-48c3-ac09-fb698a800281","__parent":"Walls","position":[2.37866879,264.744354,81.522728],"isRenderEnabled":false,"order_simset":961,"rotationMatrix":[0.362253666,0.932079613,0,-0.932079613,0.362253666,0,0,0,1],"shapeName":"levels/derby/art/shapes/buildings/italy_fence_mesh_6m_conc_base.dae"}
{"class":"TSStatic","persistentId":"67ad69e5-cdb6-4615-abbd-cded20461234","__parent":"Walls","position":[-162.614639,-4.6609211,80.671814],"isRenderEnabled":false,"order_simset":934,"rotationMatrix":[5.96046448e-08,0.99999994,0,-0.99999994,5.96046448e-08,0,0,0,1],"shapeName":"levels/derby/art/shapes/buildings/italy_fence_mesh_6m_conc_base.dae"}
{"class":"TSStatic","persistentId":"6d5bd62e-dbd3-4e2c-80dd-89fd836a0227","__parent":"Walls","position":[-156.355988,-103.529289,80.6697617],"isRenderEnabled":false,"order_simset":942,"rotationMatrix":[5.96046448e-08,0.99999994,0,-0.99999994,5.96046448e-08,0,0,0,1],"shapeName":"levels/derby/art/shapes/buildings/italy_fence_mesh_6m_conc_base.dae"}
{"class":"TSStatic","persistentId":"6f0be37c-1065-4102-9b32-220085b2ce84","__parent":"Walls","position":[-156.352509,-97.349205,80.6667633],"isRenderEnabled":false,"order_simset":941,"rotationMatrix":[5.96046448e-08,0.99999994,0,-0.99999994,5.96046448e-08,0,0,0,1],"shapeName":"levels/derby/art/shapes/buildings/italy_fence_mesh_6m_conc_base.dae"}
{"class":"TSStatic","persistentId":"6f9ff13d-1bbe-4c4d-b155-917790daa50e","__parent":"Walls","position":[-162.573959,-35.5998383,80.6654816],"isRenderEnabled":false,"order_simset":931,"rotationMatrix":[5.96046448e-08,0.99999994,0,-0.99999994,5.96046448e-08,0,0,0,1],"shapeName":"levels/derby/art/shapes/buildings/italy_fence_mesh_6m_conc_base.dae"}
{"class":"TSStatic","persistentId":"768a3b2d-693d-4c86-9181-edb5dcdc2a4c","__parent":"Walls","position":[-162.582184,-17.0140533,80.6617508],"isRenderEnabled":false,"order_simset":936,"rotationMatrix":[5.96046448e-08,0.99999994,0,-0.99999994,5.96046448e-08,0,0,0,1],"shapeName":"levels/derby/art/shapes/buildings/italy_fence_mesh_6m_conc_base.dae"}
{"class":"TSStatic","persistentId":"7901de95-d355-4cf6-8561-b4042a5319e9","__parent":"Walls","position":[-162.485977,-72.7023849,80.6554871],"isRenderEnabled":false,"order_simset":925,"rotationMatrix":[5.96046448e-08,0.99999994,0,-0.99999994,5.96046448e-08,0,0,0,1],"shapeName":"levels/derby/art/shapes/buildings/italy_fence_mesh_6m_conc_base.dae"}
{"class":"TSStatic","persistentId":"82fd1f08-9c75-4376-be8e-98dc8c1e72f2","__parent":"Walls","position":[-48.3340569,164.537628,81.2312622],"isRenderEnabled":false,"order_simset":924,"rotationMatrix":[0.39007175,0.920784473,0,-0.920784473,0.39007175,0,0,0,1],"shapeName":"levels/derby/art/shapes/buildings/italy_fence_mesh_6m_conc_base.dae"}
{"class":"TSStatic","persistentId":"8ce43fdf-1e38-44a9-bc64-12a6d1941934","__parent":"Walls","position":[-6.53514767,241.655807,81.5227966],"isRenderEnabled":false,"order_simset":965,"rotationMatrix":[0.362253666,0.932079613,0,-0.932079613,0.362253666,0,0,0,1],"shapeName":"levels/derby/art/shapes/buildings/italy_fence_mesh_6m_conc_base.dae"}
{"class":"TSStatic","persistentId":"8dbad584-e248-42e8-92a7-3d12808f695c","__parent":"Walls","position":[-162.555511,-41.7618027,80.6564331],"isRenderEnabled":false,"order_simset":932,"rotationMatrix":[5.96046448e-08,0.99999994,0,-0.99999994,5.96046448e-08,0,0,0,1],"shapeName":"levels/derby/art/shapes/buildings/italy_fence_mesh_6m_conc_base.dae"}
{"class":"TSStatic","persistentId":"97f66bdb-decb-4709-9d5f-aa1c6a21a172","__parent":"Walls","position":[-162.541504,-47.9529572,80.6554184],"isRenderEnabled":false,"order_simset":933,"rotationMatrix":[5.96046448e-08,0.99999994,0,-0.99999994,5.96046448e-08,0,0,0,1],"shapeName":"levels/derby/art/shapes/buildings/italy_fence_mesh_6m_conc_base.dae"}
{"class":"TSStatic","persistentId":"9b8181ab-d107-49eb-9d45-c511caf0515f","__parent":"Walls","position":[-50.8796082,158.96936,81.2302551],"isRenderEnabled":false,"order_simset":915,"rotationMatrix":[0.449359953,0.893351078,0,-0.893351078,0.449359953,0,0,0,1],"shapeName":"levels/derby/art/shapes/buildings/italy_fence_mesh_6m_conc_base.dae"}
{"class":"TSStatic","persistentId":"a989feed-bc38-47a4-94ef-e34c2cb21002","__parent":"Walls","position":[-38.7311287,187.34819,81.2312012],"isRenderEnabled":false,"order_simset":920,"rotationMatrix":[0.39007175,0.920784473,0,-0.920784473,0.39007175,0,0,0,1],"shapeName":"levels/derby/art/shapes/buildings/italy_fence_mesh_6m_conc_base.dae"}
{"class":"TSStatic","persistentId":"acb9ed13-8864-4667-84ac-09bf99558bc9","__parent":"Walls","position":[-156.323532,-115.882423,80.6596985],"isRenderEnabled":false,"order_simset":944,"rotationMatrix":[5.96046448e-08,0.99999994,0,-0.99999994,5.96046448e-08,0,0,0,1],"shapeName":"levels/derby/art/shapes/buildings/italy_fence_mesh_6m_conc_base.dae"}
{"class":"TSStatic","persistentId":"b1d075cd-236c-41b5-8dde-ecb1d82de384","__parent":"Walls","position":[-15.6339226,244.754013,81.2134628],"isRenderEnabled":false,"order_simset":953,"rotationMatrix":[0.362253666,0.932079613,0,-0.932079613,0.362253666,0,0,0,1],"shapeName":"levels/derby/art/shapes/buildings/italy_fence_mesh_6m_conc_base.dae"}
{"class":"TSStatic","persistentId":"b3f64b77-ec86-4b52-a407-78df2a71a43f","__parent":"Walls","position":[-2.06604671,253.218567,81.5126648],"isRenderEnabled":false,"order_simset":963,"rotationMatrix":[0.362253666,0.932079613,0,-0.932079613,0.362253666,0,0,0,1],"shapeName":"levels/derby/art/shapes/buildings/italy_fence_mesh_6m_conc_base.dae"}
{"class":"TSStatic","persistentId":"b7a46e4c-5336-48d5-a471-973d548518d3","__parent":"Walls","position":[-156.366516,-91.1580505,80.667778],"isRenderEnabled":false,"order_simset":940,"rotationMatrix":[5.96046448e-08,0.99999994,0,-0.99999994,5.96046448e-08,0,0,0,1],"shapeName":"levels/derby/art/shapes/buildings/italy_fence_mesh_6m_conc_base.dae"}
{"class":"TSStatic","persistentId":"b9a31c16-8f24-4b59-9baf-f171bd8530bb","__parent":"Walls","position":[-162.53244,-54.1581001,80.6665649],"isRenderEnabled":false,"order_simset":928,"rotationMatrix":[5.96046448e-08,0.99999994,0,-0.99999994,5.96046448e-08,0,0,0,1],"shapeName":"levels/derby/art/shapes/buildings/italy_fence_mesh_6m_conc_base.dae"}
{"class":"TSStatic","persistentId":"c0dacc10-7ea4-43fd-a831-d45769f69b09","__parent":"Walls","position":[-162.518433,-60.3492661,80.6655502],"isRenderEnabled":false,"order_simset":929,"rotationMatrix":[5.96046448e-08,0.99999994,0,-0.99999994,5.96046448e-08,0,0,0,1],"shapeName":"levels/derby/art/shapes/buildings/italy_fence_mesh_6m_conc_base.dae"}
{"class":"TSStatic","persistentId":"c1898b1d-8be6-4eef-8e27-828a9838a3b7","__parent":"Walls","position":[-156.398972,-78.804924,80.6778412],"isRenderEnabled":false,"order_simset":938,"rotationMatrix":[5.96046448e-08,0.99999994,0,-0.99999994,5.96046448e-08,0,0,0,1],"shapeName":"levels/derby/art/shapes/buildings/italy_fence_mesh_6m_conc_base.dae"}
{"class":"TSStatic","persistentId":"c4361cf4-2c76-4a5f-8d9f-cae6ad8f35a0","__parent":"Walls","position":[-2.24910164,279.356323,81.2288437],"isRenderEnabled":false,"order_simset":947,"rotationMatrix":[0.362253666,0.932079613,0,-0.932079613,0.362253666,0,0,0,1],"shapeName":"levels/derby/art/shapes/buildings/italy_fence_mesh_6m_conc_base.dae"}
{"class":"TSStatic","persistentId":"ca6802b3-e557-4312-aff3-f6743e0c1c72","__parent":"Walls","position":[-162.499985,-66.5112305,80.6565018],"isRenderEnabled":false,"order_simset":927,"rotationMatrix":[5.96046448e-08,0.99999994,0,-0.99999994,5.96046448e-08,0,0,0,1],"shapeName":"levels/derby/art/shapes/buildings/italy_fence_mesh_6m_conc_base.dae"}
{"class":"TSStatic","persistentId":"cb0c45af-8a37-467a-9830-0ad311d8d933","__parent":"Walls","position":[-29.1022892,210.145874,81.2365112],"isRenderEnabled":false,"order_simset":916,"rotationMatrix":[0.39007175,0.920784473,0,-0.920784473,0.39007175,0,0,0,1],"shapeName":"levels/derby/art/shapes/buildings/italy_fence_mesh_6m_conc_base.dae"}
{"class":"TSStatic","persistentId":"cdc24f53-3d08-435a-aaa0-125fbdf7065e","__parent":"Walls","position":[-156.34198,-109.720459,80.6687469],"isRenderEnabled":false,"order_simset":943,"rotationMatrix":[5.96046448e-08,0.99999994,0,-0.99999994,5.96046448e-08,0,0,0,1],"shapeName":"levels/derby/art/shapes/buildings/italy_fence_mesh_6m_conc_base.dae"}
{"class":"TSStatic","persistentId":"d0f5c6ef-8c45-4a8d-b1b2-88f49516b1ce","__parent":"Walls","position":[-4.29576588,247.442749,81.5116501],"isRenderEnabled":false,"order_simset":964,"rotationMatrix":[0.362253666,0.932079613,0,-0.932079613,0.362253666,0,0,0,1],"shapeName":"levels/derby/art/shapes/buildings/italy_fence_mesh_6m_conc_base.dae"}
{"class":"TSStatic","persistentId":"d614f422-3224-4233-aad8-456eceb44c84","__parent":"Walls","position":[-22.332737,227.415512,81.22258],"isRenderEnabled":false,"order_simset":956,"rotationMatrix":[0.362253666,0.932079613,0,-0.932079613,0.362253666,0,0,0,1],"shapeName":"levels/derby/art/shapes/buildings/italy_fence_mesh_6m_conc_base.dae"}
{"class":"TSStatic","persistentId":"ec77d615-a793-446c-92e5-af80d1deb76a","__parent":"Walls","position":[-11.1892071,256.279846,81.223526],"isRenderEnabled":false,"order_simset":951,"rotationMatrix":[0.362253666,0.932079613,0,-0.932079613,0.362253666,0,0,0,1],"shapeName":"levels/derby/art/shapes/buildings/italy_fence_mesh_6m_conc_base.dae"}
{"class":"TSStatic","persistentId":"efd4c01e-4347-408f-b683-3469381042d8","__parent":"Walls","position":[6.87406445,276.295074,81.5179825],"isRenderEnabled":false,"order_simset":959,"rotationMatrix":[0.362253666,0.932079613,0,-0.932079613,0.362253666,0,0,0,1],"shapeName":"levels/derby/art/shapes/buildings/italy_fence_mesh_6m_conc_base.dae"}
{"class":"TSStatic","persistentId":"f0fcb31e-20ca-42fc-b2f0-60f292b9fcde","__parent":"Walls","position":[-17.8636417,238.97821,81.2124481],"isRenderEnabled":false,"order_simset":954,"rotationMatrix":[0.362253666,0.932079613,0,-0.932079613,0.362253666,0,0,0,1],"shapeName":"levels/derby/art/shapes/buildings/italy_fence_mesh_6m_conc_base.dae"}
{"class":"TSStatic","persistentId":"f5516c8e-0f7a-43b4-9e3e-4e3ca59675ad","__parent":"Walls","position":[-13.2095566,224.354233,81.5117188],"isRenderEnabled":false,"order_simset":968,"rotationMatrix":[0.362253666,0.932079613,0,-0.932079613,0.362253666,0,0,0,1],"shapeName":"levels/derby/art/shapes/buildings/italy_fence_mesh_6m_conc_base.dae"}
{"class":"TSStatic","persistentId":"f9f0de2d-268a-44cb-8a5a-1d4099738a98","__parent":"Walls","position":[-162.568176,-23.2052078,80.6607361],"isRenderEnabled":false,"order_simset":937,"rotationMatrix":[5.96046448e-08,0.99999994,0,-0.99999994,5.96046448e-08,0,0,0,1],"shapeName":"levels/derby/art/shapes/buildings/italy_fence_mesh_6m_conc_base.dae"}
{"class":"TSStatic","persistentId":"fb83bc7f-1218-4bbd-a0f4-c8c17c5d70bb","__parent":"Walls","position":[-162.600632,-10.852087,80.6707993],"isRenderEnabled":false,"order_simset":935,"rotationMatrix":[5.96046448e-08,0.99999994,0,-0.99999994,5.96046448e-08,0,0,0,1],"shapeName":"levels/derby/art/shapes/buildings/italy_fence_mesh_6m_conc_base.dae"}
{"class":"TSStatic","persistentId":"fc06f4d1-567e-4181-9571-230133093b53","__parent":"Walls","position":[-4.47882843,273.580505,81.227829],"isRenderEnabled":false,"order_simset":948,"rotationMatrix":[0.362253666,0.932079613,0,-0.932079613,0.362253666,0,0,0,1],"shapeName":"levels/derby/art/shapes/buildings/italy_fence_mesh_6m_conc_base.dae"}
